mean_fit_time,std_fit_time,mean_score_time,std_score_time,param_mlp__activation,param_mlp__alpha,param_mlp__early_stopping,param_mlp__hidden_layer_sizes,param_mlp__learning_rate_init,param_mlp__solver,param_pls__n_components,params,split0_test_score,split1_test_score,split2_test_score,split3_test_score,split4_test_score,split5_test_score,split6_test_score,split7_test_score,mean_test_score,std_test_score,rank_test_score
0.12011754512786865,0.02059974074090439,0.0013990402221679688,0.0019707963384130466,relu,0.045,True,"(10,)",0.0035,adam,6,"{'mlp__activation': 'relu', 'mlp__alpha': 0.045, 'mlp__early_stopping': True, 'mlp__hidden_layer_sizes': (10,), 'mlp__learning_rate_init': 0.0035, 'mlp__solver': 'adam', 'pls__n_components': 6}",-0.07033316304681914,0.03173611881668614,0.20723631610946125,-0.547087271481209,-0.286407539530773,0.6166030249468648,-0.6504161186833108,0.24162149882804018,-0.057130891755132446,0.39776633267281825,11
0.10287857055664062,0.029078333809606137,0.0015731453895568848,0.0023956412062149084,relu,0.045,True,"(10,)",0.0035,adam,5,"{'mlp__activation': 'relu', 'mlp__alpha': 0.045, 'mlp__early_stopping': True, 'mlp__hidden_layer_sizes': (10,), 'mlp__learning_rate_init': 0.0035, 'mlp__solver': 'adam', 'pls__n_components': 5}",-0.05920991048657087,0.002126169311363113,0.42417755113700384,-0.3707748277130156,-0.24166908761854788,0.4168788984762356,-2.1577996744766232,0.38840528751408254,-0.19973319923200905,0.793797373491167,28
0.08433902263641357,0.01627060158771326,0.000818789005279541,0.0004020485723106881,relu,0.045,True,"(10,)",0.0035,adam,7,"{'mlp__activation': 'relu', 'mlp__alpha': 0.045, 'mlp__early_stopping': True, 'mlp__hidden_layer_sizes': (10,), 'mlp__learning_rate_init': 0.0035, 'mlp__solver': 'adam', 'pls__n_components': 7}",0.0191386971795916,-0.3105239871691252,0.41799206178595183,-0.04072278543582297,-0.29575038757484484,0.5151245027169269,-0.4848259443944398,0.1320085159183505,-0.005944915871676504,0.3313209167091729,4
0.16710981726646423,0.013179313340595172,0.000701904296875,0.00035809081630971447,relu,0.045,True,"(10,)",0.002,adam,6,"{'mlp__activation': 'relu', 'mlp__alpha': 0.045, 'mlp__early_stopping': True, 'mlp__hidden_layer_sizes': (10,), 'mlp__learning_rate_init': 0.002, 'mlp__solver': 'adam', 'pls__n_components': 6}",-0.13694503294498817,0.01323859696375762,0.18873860771990691,-0.42816715469311295,-0.32016882941345637,0.6094585240361876,-0.6024317701658017,0.2731772704680929,-0.05038747350367677,0.37567689369741286,7
0.12611135840415955,0.03143493951941072,0.0005886852741241455,0.00024303422243233966,relu,0.045,True,"(10,)",0.002,adam,5,"{'mlp__activation': 'relu', 'mlp__alpha': 0.045, 'mlp__early_stopping': True, 'mlp__hidden_layer_sizes': (10,), 'mlp__learning_rate_init': 0.002, 'mlp__solver': 'adam', 'pls__n_components': 5}",0.0022561573624748643,0.03245152852111122,0.4036512184798591,-0.43490207358260013,-0.257027067787561,0.4230213997282939,-1.9561109401167087,0.4180304828403416,-0.17107866181934867,0.7386743663760514,18
0.13106822967529297,0.019701499453601702,0.0007307529449462891,0.00039626170210548933,relu,0.045,True,"(10,)",0.002,adam,7,"{'mlp__activation': 'relu', 'mlp__alpha': 0.045, 'mlp__early_stopping': True, 'mlp__hidden_layer_sizes': (10,), 'mlp__learning_rate_init': 0.002, 'mlp__solver': 'adam', 'pls__n_components': 7}",0.015942299925921888,-0.28649290700774865,0.5080609896467225,0.07414269848931032,-0.2579782384777829,0.5150150823814447,-0.4148994955867107,0.09216368799998365,0.0307442646713926,0.3261178499759743,1
0.288644403219223,0.18934277144573045,0.0009138882160186768,0.0005644172062676786,relu,0.045,True,"(10, 1)",0.0035,adam,6,"{'mlp__activation': 'relu', 'mlp__alpha': 0.045, 'mlp__early_stopping': True, 'mlp__hidden_layer_sizes': (10, 1), 'mlp__learning_rate_init': 0.0035, 'mlp__solver': 'adam', 'pls__n_components': 6}",-0.4334934080860062,-0.0522243780524021,0.14948680978013107,0.49429448721399394,-3.0375030952971676,-0.06391142610759104,-0.6642886198968083,0.9290944931678906,-0.334818142159745,1.123359772759668,39
0.41700929403305054,0.18045204391124342,0.0010538995265960693,0.0007043181525784619,relu,0.045,True,"(10, 1)",0.0035,adam,5,"{'mlp__activation': 'relu', 'mlp__alpha': 0.045, 'mlp__early_stopping': True, 'mlp__hidden_layer_sizes': (10, 1), 'mlp__learning_rate_init': 0.0035, 'mlp__solver': 'adam', 'pls__n_components': 5}",-0.038681295007177985,0.16042905171185318,0.4424609446736597,-5.479448182727825,-0.22243329406411605,0.12909601322943776,-3.4377348521954945,0.2988065824928794,-1.018438128985848,2.05921941084724,54
0.31420519948005676,0.1731230122467863,0.0005162954330444336,4.743825797955953e-05,relu,0.045,True,"(10, 1)",0.0035,adam,7,"{'mlp__activation': 'relu', 'mlp__alpha': 0.045, 'mlp__early_stopping': True, 'mlp__hidden_layer_sizes': (10, 1), 'mlp__learning_rate_init': 0.0035, 'mlp__solver': 'adam', 'pls__n_components': 7}",-1.787774321499572,-0.1887875330145985,0.307298672824568,-0.1107108184129002,-3.532156890804801,-0.6628714980697645,-0.6111519188344763,-1.9581515107707896,-1.0680382273227917,1.1903894744960564,59
0.4007680118083954,0.23310366753347095,0.000767439603805542,0.0006663909904100538,relu,0.045,True,"(10, 1)",0.002,adam,6,"{'mlp__activation': 'relu', 'mlp__alpha': 0.045, 'mlp__early_stopping': True, 'mlp__hidden_layer_sizes': (10, 1), 'mlp__learning_rate_init': 0.002, 'mlp__solver': 'adam', 'pls__n_components': 6}",-0.42008099803518717,-0.05134969389253441,0.11077980024471612,0.4725395689389035,-3.4048315912393408,-0.06730945752057971,-0.6563207401910509,0.8974812635826886,-0.38988648101404805,1.2263878444423801,42
0.5857614576816559,0.24381353707846418,0.0005355477333068848,4.0424211084968804e-05,relu,0.045,True,"(10, 1)",0.002,adam,5,"{'mlp__activation': 'relu', 'mlp__alpha': 0.045, 'mlp__early_stopping': True, 'mlp__hidden_layer_sizes': (10, 1), 'mlp__learning_rate_init': 0.002, 'mlp__solver': 'adam', 'pls__n_components': 5}",-0.6258810001645738,0.13040524418120092,0.4352537688604988,-5.555254455266249,-0.31709035537502217,0.044044354057946156,-2.7166158870329786,0.35068531637718126,-1.0318066267952495,1.954082246437883,58
0.44397538900375366,0.2374320178072077,0.0006461143493652344,0.00034790233986134906,relu,0.045,True,"(10, 1)",0.002,adam,7,"{'mlp__activation': 'relu', 'mlp__alpha': 0.045, 'mlp__early_stopping': True, 'mlp__hidden_layer_sizes': (10, 1), 'mlp__learning_rate_init': 0.002, 'mlp__solver': 'adam', 'pls__n_components': 7}",-1.2493913520354978,-0.24680909143359675,0.2852619460810186,0.10463075159377477,-4.345297916536701,-0.9362446487533673,-1.8984987417670243,-2.116924177309351,-1.3004091537700933,1.4155183318880638,66
0.11350515484809875,0.030251674950986403,0.0005990862846374512,0.00033078837456328397,relu,0.045,True,"(8,)",0.0035,adam,6,"{'mlp__activation': 'relu', 'mlp__alpha': 0.045, 'mlp__early_stopping': True, 'mlp__hidden_layer_sizes': (8,), 'mlp__learning_rate_init': 0.0035, 'mlp__solver': 'adam', 'pls__n_components': 6}",0.13917385325694387,-0.027195574256798638,0.10580351233503194,-0.8961643313356336,-0.053957146668213385,0.5356046791181799,-1.5529339083045492,0.2007895134888753,-0.19360992529577048,0.639945244292915,25
0.12134581804275513,0.023169887618850013,0.0007114410400390625,0.00040469411841047753,relu,0.045,True,"(8,)",0.0035,adam,5,"{'mlp__activation': 'relu', 'mlp__alpha': 0.045, 'mlp__early_stopping': True, 'mlp__hidden_layer_sizes': (8,), 'mlp__learning_rate_init': 0.0035, 'mlp__solver': 'adam', 'pls__n_components': 5}",-0.53549193118771,-0.022498450081583465,0.5433321270654139,-0.028819167517639466,-0.5166297328029379,0.22984165112308885,-1.2575257515406593,0.3167296924917167,-0.15888269530628882,0.5457529919408992,15
0.10046455264091492,0.016326652568207246,0.0008464455604553223,0.0005816059212666898,relu,0.045,True,"(8,)",0.0035,adam,7,"{'mlp__activation': 'relu', 'mlp__alpha': 0.045, 'mlp__early_stopping': True, 'mlp__hidden_layer_sizes': (8,), 'mlp__learning_rate_init': 0.0035, 'mlp__solver': 'adam', 'pls__n_components': 7}",-0.3830906129641014,-0.4751717539202296,0.2482958105254902,-0.07110799560763525,-0.45613564977778887,0.6111150974011548,-1.045841978329813,-0.08200709845387633,-0.20674302264084993,0.4716121753950423,34
0.15809500217437744,0.036375855500251436,0.000612109899520874,0.00030413682057319424,relu,0.045,True,"(8,)",0.002,adam,6,"{'mlp__activation': 'relu', 'mlp__alpha': 0.045, 'mlp__early_stopping': True, 'mlp__hidden_layer_sizes': (8,), 'mlp__learning_rate_init': 0.002, 'mlp__solver': 'adam', 'pls__n_components': 6}",0.14776718775170605,-0.016238702243029035,0.08636643757288087,-0.8329006656675135,-0.012237373056260159,0.5561675115560409,-1.7513317156323405,0.20785241767644258,-0.20181936275525908,0.6907668325939395,33
0.16565260291099548,0.03366694646623719,0.0012414157390594482,0.0013652746638521025,relu,0.045,True,"(8,)",0.002,adam,5,"{'mlp__activation': 'relu', 'mlp__alpha': 0.045, 'mlp__early_stopping': True, 'mlp__hidden_layer_sizes': (8,), 'mlp__learning_rate_init': 0.002, 'mlp__solver': 'adam', 'pls__n_components': 5}",-0.5909521417026713,-0.027300209947183296,0.4853361780307689,-0.01611474389427059,-0.7573869654440366,0.19750139252420573,-1.225117968746034,0.39875268661488017,-0.1919102215705426,0.5660945060982429,22
0.13389062881469727,0.027994079396573425,0.0006771087646484375,0.00040877263444623866,relu,0.045,True,"(8,)",0.002,adam,7,"{'mlp__activation': 'relu', 'mlp__alpha': 0.045, 'mlp__early_stopping': True, 'mlp__hidden_layer_sizes': (8,), 'mlp__learning_rate_init': 0.002, 'mlp__solver': 'adam', 'pls__n_components': 7}",-0.19464071147875472,-0.4774824220830727,0.26626467831735556,-0.03765431289994825,-0.5882181180157628,0.6016198495049219,-0.8913350979508174,-0.08833433570096871,-0.1762225587883809,0.4472111195702688,19
0.14620918035507202,0.08808007886350756,0.000609278678894043,0.0002543696077583506,relu,0.045,True,"(8, 1)",0.0035,adam,6,"{'mlp__activation': 'relu', 'mlp__alpha': 0.045, 'mlp__early_stopping': True, 'mlp__hidden_layer_sizes': (8, 1), 'mlp__learning_rate_init': 0.0035, 'mlp__solver': 'adam', 'pls__n_components': 6}",-2.2902930008770124,-0.07060139664606702,-0.16563471577808464,-6.425203446345913,-5.785767881941156,-0.635269809757339,-4.435781507935874,-1.8007183637774942,-2.7011587653823677,2.3714039431670866,72
0.4540705680847168,0.20851022424375404,0.000998854637145996,0.0003662772300255515,relu,0.045,True,"(8, 1)",0.0035,adam,5,"{'mlp__activation': 'relu', 'mlp__alpha': 0.045, 'mlp__early_stopping': True, 'mlp__hidden_layer_sizes': (8, 1), 'mlp__learning_rate_init': 0.0035, 'mlp__solver': 'adam', 'pls__n_components': 5}",-0.06342032045096468,0.19519883927283255,0.3007144573413455,-6.730369467543408,0.16148518797199996,0.3281057270864478,-2.849096915868539,0.561824641768623,-1.011944731302708,2.3928252381571626,52
0.30221307277679443,0.07286267506596635,0.0008404552936553955,0.00044760003024061414,relu,0.045,True,"(8, 1)",0.0035,adam,7,"{'mlp__activation': 'relu', 'mlp__alpha': 0.045, 'mlp__early_stopping': True, 'mlp__hidden_layer_sizes': (8, 1), 'mlp__learning_rate_init': 0.0035, 'mlp__solver': 'adam', 'pls__n_components': 7}",-0.6785266947803192,-0.44341813263658203,0.318610550632084,-1.3160332021910013,-4.295565770480057,0.12118017930422165,-2.767317347317553,-0.11013972794073768,-1.146401268176243,1.5047148081748938,62
0.17619818449020386,0.11725108928075821,0.0005813539028167725,0.0002759139872680145,relu,0.045,True,"(8, 1)",0.002,adam,6,"{'mlp__activation': 'relu', 'mlp__alpha': 0.045, 'mlp__early_stopping': True, 'mlp__hidden_layer_sizes': (8, 1), 'mlp__learning_rate_init': 0.002, 'mlp__solver': 'adam', 'pls__n_components': 6}",-2.4202258987442185,-0.03768504270981876,-0.15936133524200446,-6.286293687401936,-5.61169381168803,-0.6071361034855278,-4.19231379782949,-1.6019277379532264,-2.6145796768817817,2.3107080075736177,69
0.5880239009857178,0.27506673181103736,0.0008408725261688232,0.0004581479673154927,relu,0.045,True,"(8, 1)",0.002,adam,5,"{'mlp__activation': 'relu', 'mlp__alpha': 0.045, 'mlp__early_stopping': True, 'mlp__hidden_layer_sizes': (8, 1), 'mlp__learning_rate_init': 0.002, 'mlp__solver': 'adam', 'pls__n_components': 5}",-0.3611493737209077,0.04244759720377744,0.25733675158083824,-6.597667676657112,0.1022596298408942,0.2481848118240313,-2.2664799255603203,0.5755309694492827,-0.9999421520049396,2.2712556292609363,48
0.42739084362983704,0.1568729144626324,0.0005081593990325928,2.332269276381626e-05,relu,0.045,True,"(8, 1)",0.002,adam,7,"{'mlp__activation': 'relu', 'mlp__alpha': 0.045, 'mlp__early_stopping': True, 'mlp__hidden_layer_sizes': (8, 1), 'mlp__learning_rate_init': 0.002, 'mlp__solver': 'adam', 'pls__n_components': 7}",-0.7706947301786622,-0.30037287414696845,0.3399546528460413,-0.18576466954305904,-4.477550439902629,0.2295343904185171,-2.6321903896392524,-0.2537633342952945,-1.0063559243051634,1.5742545852488694,49
0.10708171129226685,0.01915781155179089,0.00094565749168396,0.0006238991130471039,relu,0.038,True,"(10,)",0.0035,adam,6,"{'mlp__activation': 'relu', 'mlp__alpha': 0.038, 'mlp__early_stopping': True, 'mlp__hidden_layer_sizes': (10,), 'mlp__learning_rate_init': 0.0035, 'mlp__solver': 'adam', 'pls__n_components': 6}",-0.07000348822930014,0.0316409078048937,0.2068387548706292,-0.5459543671802449,-0.2861870725825826,0.6164514835123667,-0.6498184779060308,0.24125010582387063,-0.056972769235799775,0.39736067453284196,10
0.07779395580291748,0.020432554442561344,0.0006980001926422119,0.0003680175531917966,relu,0.038,True,"(10,)",0.0035,adam,5,"{'mlp__activation': 'relu', 'mlp__alpha': 0.038, 'mlp__early_stopping': True, 'mlp__hidden_layer_sizes': (10,), 'mlp__learning_rate_init': 0.0035, 'mlp__solver': 'adam', 'pls__n_components': 5}",-0.0618014625479788,0.001878997123316406,0.4239192913700518,-0.3702086647931082,-0.24214915629843636,0.4168506051206943,-2.1578448105842996,0.388284514727413,-0.20013383573529342,0.7936951781592617,30
0.08341819047927856,0.013598090931639049,0.0009655654430389404,0.0007518766193453327,relu,0.038,True,"(10,)",0.0035,adam,7,"{'mlp__activation': 'relu', 'mlp__alpha': 0.038, 'mlp__early_stopping': True, 'mlp__hidden_layer_sizes': (10,), 'mlp__learning_rate_init': 0.0035, 'mlp__solver': 'adam', 'pls__n_components': 7}",0.019119781173045358,-0.31038874473968514,0.41799923766297875,-0.044004510790897955,-0.29553360077145685,0.5150096897533738,-0.484939195880574,0.13310082702568837,-0.006204564570940957,0.33138260914667605,6
0.16136568784713745,0.015338929040541792,0.0004856288433074951,2.159019367125452e-05,relu,0.038,True,"(10,)",0.002,adam,6,"{'mlp__activation': 'relu', 'mlp__alpha': 0.038, 'mlp__early_stopping': True, 'mlp__hidden_layer_sizes': (10,), 'mlp__learning_rate_init': 0.002, 'mlp__solver': 'adam', 'pls__n_components': 6}",-0.1584318797508446,0.013385026798635957,0.18832509850047163,-0.4270209036783954,-0.32004429898094955,0.6096762824704721,-0.603601655617527,0.27306861746098643,-0.0530804640996438,0.3764285589986731,8
0.12153643369674683,0.030451700241479834,0.0005874931812286377,0.0002535557611563491,relu,0.038,True,"(10,)",0.002,adam,5,"{'mlp__activation': 'relu', 'mlp__alpha': 0.038, 'mlp__early_stopping': True, 'mlp__hidden_layer_sizes': (10,), 'mlp__learning_rate_init': 0.002, 'mlp__solver': 'adam', 'pls__n_components': 5}",0.0012725913834910063,0.03306527435026041,0.4034146867837687,-0.434353490671999,-0.2545401794344595,0.42299954420630625,-1.9559522771698572,0.41802761271897537,-0.17075827972918922,0.7385331651631033,17
0.1225370466709137,0.027262171768700442,0.0007271468639373779,0.00038275213374388477,relu,0.038,True,"(10,)",0.002,adam,7,"{'mlp__activation': 'relu', 'mlp__alpha': 0.038, 'mlp__early_stopping': True, 'mlp__hidden_layer_sizes': (10,), 'mlp__learning_rate_init': 0.002, 'mlp__solver': 'adam', 'pls__n_components': 7}",0.015928748076548094,-0.28588583386805566,0.5084236033949248,0.07475661647466125,-0.26200425181356324,0.515002134791285,-0.4147409042281789,0.09193565223660194,0.030426970633027905,0.3265342155660063,2
0.2785486578941345,0.18416608765567705,0.0008595883846282959,0.0004141652224588674,relu,0.038,True,"(10, 1)",0.0035,adam,6,"{'mlp__activation': 'relu', 'mlp__alpha': 0.038, 'mlp__early_stopping': True, 'mlp__hidden_layer_sizes': (10, 1), 'mlp__learning_rate_init': 0.0035, 'mlp__solver': 'adam', 'pls__n_components': 6}",-0.4200129452619301,-0.05227199969596619,0.14996126155356337,0.4985382088991509,-3.034362582348199,0.03140770968726525,-0.4822949234584337,0.9292272609350558,-0.29747600121118667,1.1206388028992333,37
0.47463923692703247,0.2548146746791341,0.001093357801437378,0.0012815283197608934,relu,0.038,True,"(10, 1)",0.0035,adam,5,"{'mlp__activation': 'relu', 'mlp__alpha': 0.038, 'mlp__early_stopping': True, 'mlp__hidden_layer_sizes': (10, 1), 'mlp__learning_rate_init': 0.0035, 'mlp__solver': 'adam', 'pls__n_components': 5}",-0.03831238879121557,0.16553321668908005,0.44180747681496135,-5.480386127635787,-0.1650433294346767,0.39016410717571404,-3.4380807772729085,0.3060696380357689,-0.9772810230523828,2.0830150875854256,45
0.3534229099750519,0.18721977129020925,0.001176387071609497,0.0007702277922790222,relu,0.038,True,"(10, 1)",0.0035,adam,7,"{'mlp__activation': 'relu', 'mlp__alpha': 0.038, 'mlp__early_stopping': True, 'mlp__hidden_layer_sizes': (10, 1), 'mlp__learning_rate_init': 0.0035, 'mlp__solver': 'adam', 'pls__n_components': 7}",-2.1772869244608613,-0.13688581797164856,0.30428934764168536,-0.047558573444725916,-3.621894080489068,-0.6630143143372318,-0.5483328168005983,-1.9660854338573777,-1.1070960767149782,1.2635634947178742,61
0.382914274930954,0.2206765974942304,0.0007258951663970947,0.00042036344547466875,relu,0.038,True,"(10, 1)",0.002,adam,6,"{'mlp__activation': 'relu', 'mlp__alpha': 0.038, 'mlp__early_stopping': True, 'mlp__hidden_layer_sizes': (10, 1), 'mlp__learning_rate_init': 0.002, 'mlp__solver': 'adam', 'pls__n_components': 6}",-0.44836315926199055,-0.05137611387868146,0.11073292468359475,0.5040074272454729,-3.390777586779185,-0.010366853111752006,-0.6451666320519021,0.8972296843605932,-0.3792600385992313,1.2266820128002025,40
0.5601973235607147,0.2622696763523433,0.0005273818969726562,3.647531549070744e-05,relu,0.038,True,"(10, 1)",0.002,adam,5,"{'mlp__activation': 'relu', 'mlp__alpha': 0.038, 'mlp__early_stopping': True, 'mlp__hidden_layer_sizes': (10, 1), 'mlp__learning_rate_init': 0.002, 'mlp__solver': 'adam', 'pls__n_components': 5}",-0.625417238564939,0.1881971802480924,0.4352624882777302,-5.555257703560509,-0.3164410234360102,0.05253916719559937,-2.7360159390094974,0.34291913624475034,-1.0267767415755977,1.9605169824950675,56
0.43287768959999084,0.23287839803547228,0.0006243288516998291,0.00027433321048448724,relu,0.038,True,"(10, 1)",0.002,adam,7,"{'mlp__activation': 'relu', 'mlp__alpha': 0.038, 'mlp__early_stopping': True, 'mlp__hidden_layer_sizes': (10, 1), 'mlp__learning_rate_init': 0.002, 'mlp__solver': 'adam', 'pls__n_components': 7}",-1.2682814089350418,-0.2505168385953418,0.28674027455539397,0.11068715133413431,-4.345324221565647,-0.9366310382145151,-1.7106020852709691,-2.116148294439326,-1.2787595576414141,1.4074499720053224,64
0.1270800232887268,0.04264685878610796,0.0004914999008178711,1.6733095064979015e-05,relu,0.038,True,"(8,)",0.0035,adam,6,"{'mlp__activation': 'relu', 'mlp__alpha': 0.038, 'mlp__early_stopping': True, 'mlp__hidden_layer_sizes': (8,), 'mlp__learning_rate_init': 0.0035, 'mlp__solver': 'adam', 'pls__n_components': 6}",0.1391712632909543,-0.02739800203499998,0.10440538168532876,-0.8950830847826994,-0.053740964623832044,0.5356566415881765,-1.5537583083189,0.1994621327683891,-0.19391061755344782,0.6398387526034933,27
0.0990414023399353,0.026456135992609545,0.0006737112998962402,0.000325243311266593,relu,0.038,True,"(8,)",0.0035,adam,5,"{'mlp__activation': 'relu', 'mlp__alpha': 0.038, 'mlp__early_stopping': True, 'mlp__hidden_layer_sizes': (8,), 'mlp__learning_rate_init': 0.0035, 'mlp__solver': 'adam', 'pls__n_components': 5}",-0.5348211327569115,-0.02207710284582931,0.5432911275786154,-0.02832270480853194,-0.5165132557396461,0.22965567063508063,-1.2569351167615865,0.31652224320729405,-0.1586500339364394,0.5455192125266485,14
0.09139537811279297,0.03741067284117379,0.00048607587814331055,3.026454818925852e-05,relu,0.038,True,"(8,)",0.0035,adam,7,"{'mlp__activation': 'relu', 'mlp__alpha': 0.038, 'mlp__early_stopping': True, 'mlp__hidden_layer_sizes': (8,), 'mlp__learning_rate_init': 0.0035, 'mlp__solver': 'adam', 'pls__n_components': 7}",-0.38315411061834825,-0.4755973802573157,0.24770571719628542,-0.07089703447916551,-0.45627793758599244,0.6111400340618631,-1.0467569722173944,-0.08117055268055728,-0.2068760295725781,0.47182801879980163,36
0.16347548365592957,0.03872914347559261,0.0007202029228210449,0.0004183492658921847,relu,0.038,True,"(8,)",0.002,adam,6,"{'mlp__activation': 'relu', 'mlp__alpha': 0.038, 'mlp__early_stopping': True, 'mlp__hidden_layer_sizes': (8,), 'mlp__learning_rate_init': 0.002, 'mlp__solver': 'adam', 'pls__n_components': 6}",0.1478524428334378,-0.016287546010752108,0.08579132001329148,-0.8325273869161562,-0.010277851894375578,0.5561955645896415,-1.751833260064807,0.20775188934114763,-0.20166685351357155,0.6909026007709298,32
0.1573120355606079,0.041387025094350056,0.0005975663661956787,0.0002909605954614982,relu,0.038,True,"(8,)",0.002,adam,5,"{'mlp__activation': 'relu', 'mlp__alpha': 0.038, 'mlp__early_stopping': True, 'mlp__hidden_layer_sizes': (8,), 'mlp__learning_rate_init': 0.002, 'mlp__solver': 'adam', 'pls__n_components': 5}",-0.5914052534022882,-0.0278130935967571,0.4852752314655763,-0.015588002881605778,-0.7569852294184098,0.19731775571407406,-1.2247540870803495,0.3986453125238051,-0.19191342083449436,0.5659642526872584,23
0.1298750936985016,0.024268553225295638,0.0009344816207885742,0.0003466570885490804,relu,0.038,True,"(8,)",0.002,adam,7,"{'mlp__activation': 'relu', 'mlp__alpha': 0.038, 'mlp__early_stopping': True, 'mlp__hidden_layer_sizes': (8,), 'mlp__learning_rate_init': 0.002, 'mlp__solver': 'adam', 'pls__n_components': 7}",-0.194559655221066,-0.47795122616249786,0.2656316014255775,-0.03775457270507476,-0.5881538309393111,0.6002462129508221,-0.8912234403578685,-0.088116558910172,-0.17648518373994881,0.44684511052994125,21
0.13974788784980774,0.08481678113704921,0.0007784664630889893,0.00038106057154426934,relu,0.038,True,"(8, 1)",0.0035,adam,6,"{'mlp__activation': 'relu', 'mlp__alpha': 0.038, 'mlp__early_stopping': True, 'mlp__hidden_layer_sizes': (8, 1), 'mlp__learning_rate_init': 0.0035, 'mlp__solver': 'adam', 'pls__n_components': 6}",-2.2902930008770124,-0.07015317719798175,-0.16563471577808464,-6.425203446345913,-5.785767881941156,-0.635269809757339,-4.435781507935874,-1.8007183637774942,-2.701102737951357,2.3714660972455226,71
0.4920923709869385,0.23718185388713545,0.0006490945816040039,0.00034223745503589705,relu,0.038,True,"(8, 1)",0.0035,adam,5,"{'mlp__activation': 'relu', 'mlp__alpha': 0.038, 'mlp__early_stopping': True, 'mlp__hidden_layer_sizes': (8, 1), 'mlp__learning_rate_init': 0.0035, 'mlp__solver': 'adam', 'pls__n_components': 5}",-0.06888835023353423,0.06482991511331049,0.3044094315108835,-6.730884337063996,0.16166655899969506,0.32843424661640164,-1.8108860648975376,0.6311766532248673,-0.8900177433412387,2.315196059575338,44
0.32809537649154663,0.09714218989237483,0.0006024539470672607,0.00028493091170557104,relu,0.038,True,"(8, 1)",0.0035,adam,7,"{'mlp__activation': 'relu', 'mlp__alpha': 0.038, 'mlp__early_stopping': True, 'mlp__hidden_layer_sizes': (8, 1), 'mlp__learning_rate_init': 0.0035, 'mlp__solver': 'adam', 'pls__n_components': 7}",-0.6980924184403798,-0.4939152260189006,0.42909263728694225,-0.8124362454638054,-3.7394674351830695,0.12126475658932934,-2.7643401143747464,-0.13029430772283068,-1.0110235441659325,1.3718137755897915,51
0.19222122430801392,0.13370189902211818,0.0006265342235565186,0.00034226891663075417,relu,0.038,True,"(8, 1)",0.002,adam,6,"{'mlp__activation': 'relu', 'mlp__alpha': 0.038, 'mlp__early_stopping': True, 'mlp__hidden_layer_sizes': (8, 1), 'mlp__learning_rate_init': 0.002, 'mlp__solver': 'adam', 'pls__n_components': 6}",-2.4202258987442185,-0.03156778235512103,-0.15936133524200446,-6.286293687401936,-5.61169381168803,-0.6071361034855278,-4.19231379782949,-1.6019277379532264,-2.6138150193374443,2.311561479394161,68
0.6111282110214233,0.2802710678754504,0.001092076301574707,0.0006859145790029229,relu,0.038,True,"(8, 1)",0.002,adam,5,"{'mlp__activation': 'relu', 'mlp__alpha': 0.038, 'mlp__early_stopping': True, 'mlp__hidden_layer_sizes': (8, 1), 'mlp__learning_rate_init': 0.002, 'mlp__solver': 'adam', 'pls__n_components': 5}",-0.35976702155210116,0.042169287181252124,0.2578582356152369,-6.597835965134251,0.10509475922364686,0.24915467625000687,-2.2573155766593147,0.5754251210399698,-0.9981520605044442,2.270968714217114,47
0.4399111270904541,0.1594148126114039,0.0010700225830078125,0.0006905164834824465,relu,0.038,True,"(8, 1)",0.002,adam,7,"{'mlp__activation': 'relu', 'mlp__alpha': 0.038, 'mlp__early_stopping': True, 'mlp__hidden_layer_sizes': (8, 1), 'mlp__learning_rate_init': 0.002, 'mlp__solver': 'adam', 'pls__n_components': 7}",-0.7669069486713822,-0.2977148877712319,0.40200638681590406,-0.20385366069232047,-4.478082311989435,0.22314480140521553,-2.6257789718484466,-0.31368150943811024,-1.0076083877737259,1.5753521297298685,50
0.10335847735404968,0.009901899231037087,0.0007305443286895752,0.0003868852494442139,relu,0.04,True,"(10,)",0.0035,adam,6,"{'mlp__activation': 'relu', 'mlp__alpha': 0.04, 'mlp__early_stopping': True, 'mlp__hidden_layer_sizes': (10,), 'mlp__learning_rate_init': 0.0035, 'mlp__solver': 'adam', 'pls__n_components': 6}",-0.11098093332655234,0.03169248606036812,0.2069704880440566,-0.5462156876105744,-0.2863073388556534,0.6164158452377301,-0.6504597044316254,0.24132057227892845,-0.06219553407541528,0.3979379816807916,12
0.07629066705703735,0.047210401096676124,0.0005629360675811768,0.00023511095575231336,relu,0.04,True,"(10,)",0.0035,adam,5,"{'mlp__activation': 'relu', 'mlp__alpha': 0.04, 'mlp__early_stopping': True, 'mlp__hidden_layer_sizes': (10,), 'mlp__learning_rate_init': 0.0035, 'mlp__solver': 'adam', 'pls__n_components': 5}",-0.061661824231987294,0.0032195086581213728,0.42399556636223834,-0.37036295481597303,-0.2422765397066775,0.41687390799540247,-2.158056969616389,0.3883963934699448,-0.199984113985665,0.7938315121182321,29
0.07133960723876953,0.013005928340539666,0.0005033016204833984,6.60261288440251e-05,relu,0.04,True,"(10,)",0.0035,adam,7,"{'mlp__activation': 'relu', 'mlp__alpha': 0.04, 'mlp__early_stopping': True, 'mlp__hidden_layer_sizes': (10,), 'mlp__learning_rate_init': 0.0035, 'mlp__solver': 'adam', 'pls__n_components': 7}",0.01923977119547904,-0.3103050638955629,0.4179886735860243,-0.044270183950960273,-0.295599276603824,0.5150054360537932,-0.48491130653523573,0.1332379918866018,-0.0062017447829605665,0.3313847759747461,5
0.16543343663215637,0.015315867027510767,0.0008829832077026367,0.0010615963864914265,relu,0.04,True,"(10,)",0.002,adam,6,"{'mlp__activation': 'relu', 'mlp__alpha': 0.04, 'mlp__early_stopping': True, 'mlp__hidden_layer_sizes': (10,), 'mlp__learning_rate_init': 0.002, 'mlp__solver': 'adam', 'pls__n_components': 6}",-0.15872359693069615,0.013175283571076335,0.18844683158659215,-0.42732270222786073,-0.3201145612835372,0.6097074645179585,-0.6032034368973846,0.27320500703488726,-0.05310371382862056,0.3764365019334977,9
0.1233995258808136,0.028597136727917655,0.0005783140659332275,0.0002403046375703446,relu,0.04,True,"(10,)",0.002,adam,5,"{'mlp__activation': 'relu', 'mlp__alpha': 0.04, 'mlp__early_stopping': True, 'mlp__hidden_layer_sizes': (10,), 'mlp__learning_rate_init': 0.002, 'mlp__solver': 'adam', 'pls__n_components': 5}",0.012620946117337661,0.033105068299531526,0.4034895126141057,-0.4345766466243619,-0.25521901668366986,0.42303301950551286,-1.9561883304659484,0.4180288760803704,-0.1694633213946402,0.738976314875952,16
0.1301599144935608,0.018405484477916678,0.0005255043506622314,3.695996262988432e-05,relu,0.04,True,"(10,)",0.002,adam,7,"{'mlp__activation': 'relu', 'mlp__alpha': 0.04, 'mlp__early_stopping': True, 'mlp__hidden_layer_sizes': (10,), 'mlp__learning_rate_init': 0.002, 'mlp__solver': 'adam', 'pls__n_components': 7}",0.01605134641327377,-0.2867432599293709,0.5082841725909522,0.07459839245090027,-0.2620205560475255,0.5150137701515966,-0.4148459531395363,0.09191651494334818,0.03028180342920478,0.3266307027708675,3
0.2853022515773773,0.1731303570229472,0.0005171000957489014,3.6919183853422636e-05,relu,0.04,True,"(10, 1)",0.0035,adam,6,"{'mlp__activation': 'relu', 'mlp__alpha': 0.04, 'mlp__early_stopping': True, 'mlp__hidden_layer_sizes': (10, 1), 'mlp__learning_rate_init': 0.0035, 'mlp__solver': 'adam', 'pls__n_components': 6}",-0.49991661506019236,-0.0522582366197375,0.14941615274229358,0.4991374761418348,-3.0379062841278515,0.031316846376684415,-0.4503666923406182,0.9295809189277994,-0.3038745542449734,1.1226196580304755,38
0.425233393907547,0.19064082890571526,0.0007971525192260742,0.0005063726199194511,relu,0.04,True,"(10, 1)",0.0035,adam,5,"{'mlp__activation': 'relu', 'mlp__alpha': 0.04, 'mlp__early_stopping': True, 'mlp__hidden_layer_sizes': (10, 1), 'mlp__learning_rate_init': 0.0035, 'mlp__solver': 'adam', 'pls__n_components': 5}",-0.03961715742177874,0.16489893876417305,0.4420889558532015,-5.479427372044908,-0.17151753356041133,0.06584590280212455,-3.4411998307041873,0.30311138680980365,-1.019477088687748,2.0585536976717074,55
0.3434576988220215,0.16532209544891802,0.00111350417137146,0.0009543695146459658,relu,0.04,True,"(10, 1)",0.0035,adam,7,"{'mlp__activation': 'relu', 'mlp__alpha': 0.04, 'mlp__early_stopping': True, 'mlp__hidden_layer_sizes': (10, 1), 'mlp__learning_rate_init': 0.0035, 'mlp__solver': 'adam', 'pls__n_components': 7}",-1.7858881228169814,-0.1351982715520077,0.3068412091530852,-0.10158841222502635,-3.6218370976530645,-0.6630093120418412,-0.5994892461824826,-1.9665118089239182,-1.0708351327802796,1.2207827919477374,60
0.42627274990081787,0.2786196224141218,0.0013205111026763916,0.0007815472752448218,relu,0.04,True,"(10, 1)",0.002,adam,6,"{'mlp__activation': 'relu', 'mlp__alpha': 0.04, 'mlp__early_stopping': True, 'mlp__hidden_layer_sizes': (10, 1), 'mlp__learning_rate_init': 0.002, 'mlp__solver': 'adam', 'pls__n_components': 6}",-0.4128226984923682,-0.051368409354605626,0.11067407210902314,0.5058924458142454,-3.4057321714595634,-0.010628090713374228,-0.6534593633269916,0.8016615485696088,-0.3894728333567532,1.219452718715315,41
0.5605629980564117,0.2572040429162002,0.0007394254207611084,0.0003712529248417281,relu,0.04,True,"(10, 1)",0.002,adam,5,"{'mlp__activation': 'relu', 'mlp__alpha': 0.04, 'mlp__early_stopping': True, 'mlp__hidden_layer_sizes': (10, 1), 'mlp__learning_rate_init': 0.002, 'mlp__solver': 'adam', 'pls__n_components': 5}",-0.6260693922917571,0.1319683390315779,0.43531766093882285,-5.555217952771008,-0.3283787076894782,0.10524647646912244,-2.7367836919184536,0.34136802372663533,-1.0290686555630673,1.9593651590736494,57
0.43093448877334595,0.23079400178290735,0.0005244910717010498,4.904219137006437e-05,relu,0.04,True,"(10, 1)",0.002,adam,7,"{'mlp__activation': 'relu', 'mlp__alpha': 0.04, 'mlp__early_stopping': True, 'mlp__hidden_layer_sizes': (10, 1), 'mlp__learning_rate_init': 0.002, 'mlp__solver': 'adam', 'pls__n_components': 7}",-1.2618856551008988,-0.24367042313948284,0.2869233142852552,0.12762441671995783,-4.345846131530912,-0.9365451406863128,-1.8912438411915273,-2.1160493492673935,-1.2975866012389143,1.4185582150035767,65
0.1216650903224945,0.03208797454512989,0.0006021261215209961,0.0003241464113387221,relu,0.04,True,"(8,)",0.0035,adam,6,"{'mlp__activation': 'relu', 'mlp__alpha': 0.04, 'mlp__early_stopping': True, 'mlp__hidden_layer_sizes': (8,), 'mlp__learning_rate_init': 0.0035, 'mlp__solver': 'adam', 'pls__n_components': 6}",0.13931158969641821,-0.027348980941376944,0.1054165257656221,-0.8950793832545181,-0.053770007550168364,0.5356226541547551,-1.5532023574948628,0.1996408766836546,-0.1936761353675595,0.6397683910069623,26
0.11628228425979614,0.033843273831106364,0.0006705820560455322,0.0004695053584185969,relu,0.04,True,"(8,)",0.0035,adam,5,"{'mlp__activation': 'relu', 'mlp__alpha': 0.04, 'mlp__early_stopping': True, 'mlp__hidden_layer_sizes': (8,), 'mlp__learning_rate_init': 0.0035, 'mlp__solver': 'adam', 'pls__n_components': 5}",-0.5340549261781637,-0.02265941721367848,0.5433032870820065,-0.028471928306139205,-0.5165707602373169,0.22973208229388087,-1.2557735848666933,0.3165690958956523,-0.1584907689413065,0.5451568700835954,13
0.09802153706550598,0.024480998047105223,0.0005023479461669922,3.0761309837540335e-05,relu,0.04,True,"(8,)",0.0035,adam,7,"{'mlp__activation': 'relu', 'mlp__alpha': 0.04, 'mlp__early_stopping': True, 'mlp__hidden_layer_sizes': (8,), 'mlp__learning_rate_init': 0.0035, 'mlp__solver': 'adam', 'pls__n_components': 7}",-0.3828240058329295,-0.4754854603308962,0.24787385521474692,-0.07112053411159636,-0.45621531427047346,0.6111437521173226,-1.0462525917141137,-0.08114531998591579,-0.20675320236423195,0.4717021404906302,35
0.18907710909843445,0.0608067497687628,0.0006732940673828125,0.00042852292499198413,relu,0.04,True,"(8,)",0.002,adam,6,"{'mlp__activation': 'relu', 'mlp__alpha': 0.04, 'mlp__early_stopping': True, 'mlp__hidden_layer_sizes': (8,), 'mlp__learning_rate_init': 0.002, 'mlp__solver': 'adam', 'pls__n_components': 6}",0.1478143952345523,-0.016264522104313173,0.08594411628073007,-0.8326874274065164,-0.010351251954110463,0.5561969162069931,-1.7513537194165991,0.2077761529238834,-0.20161566752942256,0.6907921442182074,31
0.18001538515090942,0.0681133716635683,0.0006732940673828125,0.0003428245902226192,relu,0.04,True,"(8,)",0.002,adam,5,"{'mlp__activation': 'relu', 'mlp__alpha': 0.04, 'mlp__early_stopping': True, 'mlp__hidden_layer_sizes': (8,), 'mlp__learning_rate_init': 0.002, 'mlp__solver': 'adam', 'pls__n_components': 5}",-0.5916596607926794,-0.027484680086068414,0.48530139730773714,-0.015826246163119118,-0.7570949477480657,0.1974656620864622,-1.22505598710688,0.3986721988655605,-0.1919602829546316,0.5660920439284396,24
0.14944708347320557,0.07013853830264813,0.0005931258201599121,0.00022771881795409293,relu,0.04,True,"(8,)",0.002,adam,7,"{'mlp__activation': 'relu', 'mlp__alpha': 0.04, 'mlp__early_stopping': True, 'mlp__hidden_layer_sizes': (8,), 'mlp__learning_rate_init': 0.002, 'mlp__solver': 'adam', 'pls__n_components': 7}",-0.19458927242976887,-0.47780189432867437,0.2658338526711397,-0.0378807751123611,-0.5881713755130271,0.600257741893077,-0.8912567289778135,-0.08809658338953086,-0.1764631293983699,0.44686446852625056,20
0.13053902983665466,0.07868805781294291,0.0013380944728851318,0.0015565389973107582,relu,0.04,True,"(8, 1)",0.0035,adam,6,"{'mlp__activation': 'relu', 'mlp__alpha': 0.04, 'mlp__early_stopping': True, 'mlp__hidden_layer_sizes': (8, 1), 'mlp__learning_rate_init': 0.0035, 'mlp__solver': 'adam', 'pls__n_components': 6}",-2.2902930008770124,-0.06827409967989828,-0.16563471577808464,-6.425203446345913,-5.785767881941156,-0.635269809757339,-4.435781507935874,-1.8007183637774942,-2.7008678532615966,2.37172674988569,70
0.4523015022277832,0.22137517095989007,0.000711590051651001,0.0003646610206678767,relu,0.04,True,"(8, 1)",0.0035,adam,5,"{'mlp__activation': 'relu', 'mlp__alpha': 0.04, 'mlp__early_stopping': True, 'mlp__hidden_layer_sizes': (8, 1), 'mlp__learning_rate_init': 0.0035, 'mlp__solver': 'adam', 'pls__n_components': 5}",-0.04100683970484642,0.1243366004383335,0.3009518428587976,-6.730839059758136,0.16103723851730956,0.3311319636931078,-1.8163737879861621,0.6325214054812791,-0.8797800795575397,2.3198782872100914,43
0.34460583329200745,0.11726505945922254,0.0007223784923553467,0.0005411469484241763,relu,0.04,True,"(8, 1)",0.0035,adam,7,"{'mlp__activation': 'relu', 'mlp__alpha': 0.04, 'mlp__early_stopping': True, 'mlp__hidden_layer_sizes': (8, 1), 'mlp__learning_rate_init': 0.0035, 'mlp__solver': 'adam', 'pls__n_components': 7}",-1.8363063555471286,-0.4982025145645921,0.4308012533535016,-0.8335639782696023,-4.341650832856684,0.12099829561015862,-2.8221368130202182,-0.12821568925691706,-1.238534579318935,1.5441166635698318,63
0.1794513761997223,0.12337817130218862,0.0006344020366668701,0.0003893776409394452,relu,0.04,True,"(8, 1)",0.002,adam,6,"{'mlp__activation': 'relu', 'mlp__alpha': 0.04, 'mlp__early_stopping': True, 'mlp__hidden_layer_sizes': (8, 1), 'mlp__learning_rate_init': 0.002, 'mlp__solver': 'adam', 'pls__n_components': 6}",-2.4202258987442185,-0.02998155876674069,-0.15936133524200446,-6.286293687401936,-5.61169381168803,-0.6071361034855278,-4.19231379782949,-1.6019277379532264,-2.613616741388897,2.311783024764115,67
0.5245233774185181,0.21399910040696865,0.0006222426891326904,0.00032458551844434964,relu,0.04,True,"(8, 1)",0.002,adam,5,"{'mlp__activation': 'relu', 'mlp__alpha': 0.04, 'mlp__early_stopping': True, 'mlp__hidden_layer_sizes': (8, 1), 'mlp__learning_rate_init': 0.002, 'mlp__solver': 'adam', 'pls__n_components': 5}",-0.357368505598717,0.04237316850836892,0.25783617480728505,-6.5977890403141854,0.1054326244318412,0.2724468136650521,-2.257073004696567,0.5749122228442551,-0.9949036932940833,2.272619262364668,46
0.4153381288051605,0.13635407313683295,0.000933229923248291,0.0010469776659428,relu,0.04,True,"(8, 1)",0.002,adam,7,"{'mlp__activation': 'relu', 'mlp__alpha': 0.04, 'mlp__early_stopping': True, 'mlp__hidden_layer_sizes': (8, 1), 'mlp__learning_rate_init': 0.002, 'mlp__solver': 'adam', 'pls__n_components': 7}",-0.769222541797951,-0.2993995722133176,0.3401167814611231,-0.1691123001301036,-4.478052630005787,0.22689915052477028,-2.638219397266099,-0.3096164504339378,-1.0120758699826629,1.5728852390205592,53
