mean_fit_time,std_fit_time,mean_score_time,std_score_time,param_activation,param_alpha,param_early_stopping,param_hidden_layer_sizes,param_learning_rate_init,param_solver,params,split0_test_score,split1_test_score,split2_test_score,split3_test_score,split4_test_score,split5_test_score,split6_test_score,split7_test_score,split8_test_score,split9_test_score,split10_test_score,split11_test_score,mean_test_score,std_test_score,rank_test_score
0.7579374313354492,0.21334985055955566,0.001084466775258382,0.0023260044819674967,relu,0.02,True,"(50,)",0.0001,adam,"{'activation': 'relu', 'alpha': 0.02, 'early_stopping': True, 'hidden_layer_sizes': (50,), 'learning_rate_init': 0.0001, 'solver': 'adam'}",0.5904649901337151,0.9482749060208521,0.6845602716229624,0.8821122731843876,0.7188867589180359,0.9639858335060252,0.8674090583787947,0.7181828258707972,0.8802622709690255,0.7950431311446571,0.8527632071239906,0.4760217169302603,0.7814972703169586,0.1416486679434998,84
0.15510050455729166,0.08871987121082281,0.00038492679595947266,0.00017911399725367762,relu,0.02,True,"(50,)",0.0012000000000000001,adam,"{'activation': 'relu', 'alpha': 0.02, 'early_stopping': True, 'hidden_layer_sizes': (50,), 'learning_rate_init': 0.0012000000000000001, 'solver': 'adam'}",0.558231378329058,0.9638084260285994,0.7706799289444171,0.9371196863076456,0.7775392873187286,0.9702353132352092,0.875007846534615,0.7962940186936435,0.8680348615373021,0.8582622164108281,0.843533730498331,0.46719735871401624,0.8071620043793661,0.14723328397785926,53
0.09516261021296184,0.041563005363356414,0.0007906556129455566,0.0005954274788317951,relu,0.02,True,"(50,)",0.0023,adam,"{'activation': 'relu', 'alpha': 0.02, 'early_stopping': True, 'hidden_layer_sizes': (50,), 'learning_rate_init': 0.0023, 'solver': 'adam'}",0.5415557833213924,0.9619556113071885,0.7565445914572322,0.9372816294642297,0.7955093964779247,0.9680541186425542,0.8728855979336285,0.7860253955720615,0.8863096878194486,0.8488518187760477,0.8199214370961544,0.8689755757562728,0.8369892203020113,0.11034020529320154,13
0.08438509702682495,0.04235947305763243,0.00037084023157755536,0.00016329959730633278,relu,0.02,True,"(50,)",0.0034,adam,"{'activation': 'relu', 'alpha': 0.02, 'early_stopping': True, 'hidden_layer_sizes': (50,), 'learning_rate_init': 0.0034, 'solver': 'adam'}",0.5115316432002099,0.9625990176163653,0.7410358321577455,0.9433774887937452,0.7910177131924081,0.9689884520498137,0.8745041064328182,0.7719512444506853,0.8807484259938981,0.8781861335850143,0.8035300570786236,0.8538653567252982,0.8317779559397188,0.11975354542125233,19
0.07821240027745564,0.03362148483114604,0.0003725488980611165,0.00017762852071447156,relu,0.02,True,"(50,)",0.0045000000000000005,adam,"{'activation': 'relu', 'alpha': 0.02, 'early_stopping': True, 'hidden_layer_sizes': (50,), 'learning_rate_init': 0.0045000000000000005, 'solver': 'adam'}",0.5031655808038882,0.9634815859874292,0.7648528911777341,0.9414998784996195,0.7953533603464642,0.9646959134936425,0.8672189435686316,0.7639626364496821,0.8517210190258278,0.8871588451561867,0.7592138030269452,0.8354877460278048,0.8248176836303213,0.12071366341075399,35
0.06606487433115642,0.023519582675521334,0.0004055500030517578,0.0002806730340610751,relu,0.02,True,"(50,)",0.005600000000000001,adam,"{'activation': 'relu', 'alpha': 0.02, 'early_stopping': True, 'hidden_layer_sizes': (50,), 'learning_rate_init': 0.005600000000000001, 'solver': 'adam'}",0.5004173085813217,0.9650398070304476,0.6824448020145056,0.9223891727994485,0.7886504295447124,0.9636588178985964,0.8748643126831879,0.7720078526968684,0.8844572738048443,0.9112475245417545,0.7567037406861303,0.8192410998813495,0.8200935118469306,0.12780073889138904,41
0.06545154253641765,0.03094831941295649,0.0005871256192525228,0.0003477949557181901,relu,0.02,True,"(50,)",0.0067,adam,"{'activation': 'relu', 'alpha': 0.02, 'early_stopping': True, 'hidden_layer_sizes': (50,), 'learning_rate_init': 0.0067, 'solver': 'adam'}",0.1840010083530873,0.961518021770414,-0.049796171521807375,0.9180247813126329,0.8215792428091502,0.9644028764288769,0.8676944093867403,0.7744140794286558,0.9073355755672939,0.9059400727980944,0.7492214147206542,0.8508698135058765,0.7379337603799726,0.3103816418734548,90
0.0755447546641032,0.030206824759409334,0.0003668665885925293,0.00017575889076209322,relu,0.02,True,"(50,)",0.0078000000000000005,adam,"{'activation': 'relu', 'alpha': 0.02, 'early_stopping': True, 'hidden_layer_sizes': (50,), 'learning_rate_init': 0.0078000000000000005, 'solver': 'adam'}",0.13778463087225234,0.9657953496882776,0.6337038028343523,0.9371406109676104,0.8262664050551779,0.9698198448294494,0.8581512463389362,0.7588172756305477,0.8846322359582347,0.8872338417103454,0.7533900079031123,0.8633128706737128,0.7896706768718341,0.2173243704482785,80
0.07480025291442871,0.027728260029931805,0.00036283334096272785,0.00014518734999272644,relu,0.02,True,"(50,)",0.0089,adam,"{'activation': 'relu', 'alpha': 0.02, 'early_stopping': True, 'hidden_layer_sizes': (50,), 'learning_rate_init': 0.0089, 'solver': 'adam'}",0.37136797704943847,0.9635397837926043,0.7621167902384447,0.9166394260631633,0.8227023100587744,0.9756768277263302,0.8806632513634007,0.8984311806207441,0.86155927232318,0.8366459247130948,0.7698205711983293,0.863422840644906,0.8268821796493676,0.15123862735469729,32
0.07993801434834798,0.024046613407256154,0.000518659750620524,0.00030328177867714986,relu,0.02,True,"(50,)",0.01,adam,"{'activation': 'relu', 'alpha': 0.02, 'early_stopping': True, 'hidden_layer_sizes': (50,), 'learning_rate_init': 0.01, 'solver': 'adam'}",0.46226556883331604,0.9483086105878027,0.7906235880113631,0.9322800647697949,0.8141260321156418,0.9725982799233612,0.8973750904614604,0.8783649772658539,0.8730186352882575,0.8394397070195101,0.8122573347417634,0.8462459032312063,0.838908649354111,0.12591933694578464,11
1.2089184323946636,0.35428064021705524,0.0004209280014038086,0.00015275815005716306,relu,0.02,True,"(100,)",0.0001,adam,"{'activation': 'relu', 'alpha': 0.02, 'early_stopping': True, 'hidden_layer_sizes': (100,), 'learning_rate_init': 0.0001, 'solver': 'adam'}",0.5024879348039455,0.9470745514442999,0.6826716304591187,0.8638498107936017,0.827787652131764,0.9323965057128172,0.8989085212977939,0.7726198983767467,0.8786980464698161,0.7610194683950269,0.8499127931261952,0.8283288089475491,0.8121463018298897,0.11763535893533561,44
0.28496573368708294,0.08103001845874115,0.0004581610361735026,0.00016857554567980843,relu,0.02,True,"(100,)",0.0012000000000000001,adam,"{'activation': 'relu', 'alpha': 0.02, 'early_stopping': True, 'hidden_layer_sizes': (100,), 'learning_rate_init': 0.0012000000000000001, 'solver': 'adam'}",0.3104284491681366,0.9550167802926898,0.6835419662910867,0.9257818675557391,0.8605066983042939,0.9705242012440269,0.8740801197668923,0.6908069326881567,0.8730888490525607,0.8188673540819611,0.8665322584768409,0.8922573319497765,0.8101194007393469,0.1733617839440473,48
0.2159815231959025,0.06273548849334341,0.0006547371546427408,0.000397677268517589,relu,0.02,True,"(100,)",0.0023,adam,"{'activation': 'relu', 'alpha': 0.02, 'early_stopping': True, 'hidden_layer_sizes': (100,), 'learning_rate_init': 0.0023, 'solver': 'adam'}",0.4370697778937266,0.9571754016683365,0.7057868552975934,0.9462523821303827,0.8681428920281745,0.9686202825815388,0.8685229456738943,0.8524536905620134,0.8860893326292225,0.8395770514567678,0.8850949383461489,0.8708486995627002,0.8404695208192083,0.13808100993706118,7
0.17824258406956991,0.051300761356643,0.0005266467730204264,0.00034034984197629195,relu,0.02,True,"(100,)",0.0034,adam,"{'activation': 'relu', 'alpha': 0.02, 'early_stopping': True, 'hidden_layer_sizes': (100,), 'learning_rate_init': 0.0034, 'solver': 'adam'}",0.47638795304756865,0.9607283026820259,0.7246222100464046,0.9553329062559556,0.8646817007390568,0.9754446371031662,0.873982857516188,0.8628652641989581,0.8819638379936139,0.8312493763984179,0.8906077780780385,0.857270559827032,0.8462614486572022,0.12853706861593794,3
0.18979684511820474,0.06733489912205116,0.0005985299746195475,0.00035043305104312864,relu,0.02,True,"(100,)",0.0045000000000000005,adam,"{'activation': 'relu', 'alpha': 0.02, 'early_stopping': True, 'hidden_layer_sizes': (100,), 'learning_rate_init': 0.0045000000000000005, 'solver': 'adam'}",0.3973849358398176,0.959231522281999,0.7542972368831449,0.9599511288397824,0.8600432728015095,0.9862689268132134,0.8749411530647953,0.8559843800810649,0.8845756901863295,0.8153031799523252,0.9040723025648756,0.835713137414227,0.8406472388935904,0.14771756253274637,6
0.15689748525619507,0.03839615067977842,0.0005055268605550131,0.0002778943748092706,relu,0.02,True,"(100,)",0.005600000000000001,adam,"{'activation': 'relu', 'alpha': 0.02, 'early_stopping': True, 'hidden_layer_sizes': (100,), 'learning_rate_init': 0.005600000000000001, 'solver': 'adam'}",0.40976836302883257,0.9653673644972984,0.7507858973679225,0.9737515459197182,0.8454537186626987,0.9871085077714942,0.8691563496349116,0.6809085489950325,0.8773616001932296,0.8253707000797353,0.9103081789226565,0.8433651396563044,0.8282254928941529,0.1525878189359633,28
0.1413621703783671,0.04243561915234367,0.0007647871971130371,0.0006843889867571675,relu,0.02,True,"(100,)",0.0067,adam,"{'activation': 'relu', 'alpha': 0.02, 'early_stopping': True, 'hidden_layer_sizes': (100,), 'learning_rate_init': 0.0067, 'solver': 'adam'}",0.396326825266769,0.9625714351519798,0.7509223884105695,0.9568110522548141,0.8134312330691872,0.9568668102338209,0.8669346791832555,0.7138830448199651,0.8673738695509039,0.8274651607673191,0.87896224389283,0.849829986108998,0.820114894059201,0.14782312806498374,40
0.13453298807144165,0.032212125356546016,0.0006688237190246582,0.0003914487129428098,relu,0.02,True,"(100,)",0.0078000000000000005,adam,"{'activation': 'relu', 'alpha': 0.02, 'early_stopping': True, 'hidden_layer_sizes': (100,), 'learning_rate_init': 0.0078000000000000005, 'solver': 'adam'}",0.39830868833763655,0.9588041549958966,0.7629233750564138,0.9650728270806936,0.7193608267170251,0.9817287130292988,0.8700552509886154,0.8825190023638584,0.8763807128942457,0.832066606242476,0.8553719369415815,0.8352979116709325,0.8281575005265562,0.14947230671380804,29
0.125150998433431,0.024572154286035448,0.0007240970929463705,0.0006291844428468588,relu,0.02,True,"(100,)",0.0089,adam,"{'activation': 'relu', 'alpha': 0.02, 'early_stopping': True, 'hidden_layer_sizes': (100,), 'learning_rate_init': 0.0089, 'solver': 'adam'}",0.48870027150613204,0.959906672748541,0.7452892413371637,0.9707235124068487,0.6990971659577656,0.9803063648854012,0.8638304833899237,0.8266316780194638,0.888623583242572,0.8152033694388026,0.8465029610337806,0.8627283343435895,0.8289619698591656,0.13108835972278493,24
0.1404762864112854,0.03553781418818172,0.0004821618398030599,0.00029606764583722014,relu,0.02,True,"(100,)",0.01,adam,"{'activation': 'relu', 'alpha': 0.02, 'early_stopping': True, 'hidden_layer_sizes': (100,), 'learning_rate_init': 0.01, 'solver': 'adam'}",0.4317400720302388,0.957935064459887,0.7307050868987719,0.9777305706899755,0.8065976344062004,0.9753782827995776,0.8668302294011817,0.7903909274771146,0.8782989424940105,0.8223803823928642,0.9063448992485147,0.855363001855257,0.8333079245127997,0.14142176165225115,18
1.0108630855878193,0.1877691340455737,0.0006033182144165039,0.0004107543605725227,relu,0.02,True,"(100, 50)",0.0001,adam,"{'activation': 'relu', 'alpha': 0.02, 'early_stopping': True, 'hidden_layer_sizes': (100, 50), 'learning_rate_init': 0.0001, 'solver': 'adam'}",0.412445633555803,0.9205029040517663,0.6172034414408722,0.9374423394257377,0.8292981038589516,0.9764364987528537,0.8625777790358973,0.6842331138178447,0.8206780238508873,0.8321417827351401,0.8676561000615561,0.470332350670876,0.7692456726048488,0.17552286664543842,86
0.24279415607452393,0.05134888838390631,0.0005091230074564616,0.0002473893962724359,relu,0.02,True,"(100, 50)",0.0012000000000000001,adam,"{'activation': 'relu', 'alpha': 0.02, 'early_stopping': True, 'hidden_layer_sizes': (100, 50), 'learning_rate_init': 0.0012000000000000001, 'solver': 'adam'}",0.21047163066460373,0.9434850511654852,0.7014997860177552,0.9204296543852745,0.855829151153509,0.9726396852990588,0.8887625803877659,0.7370543721457496,0.8268806439174012,0.8002479160732907,0.8809195951585359,0.7774806664659513,0.7929750610695318,0.1924155852381265,70
0.18834380308787027,0.04004077320267885,0.0004340211550394694,0.0002005175955533645,relu,0.02,True,"(100, 50)",0.0023,adam,"{'activation': 'relu', 'alpha': 0.02, 'early_stopping': True, 'hidden_layer_sizes': (100, 50), 'learning_rate_init': 0.0023, 'solver': 'adam'}",0.17386978059340608,0.9346122997986032,0.6829100433428783,0.9151742792077616,0.846801029444581,0.9777470068320444,0.9056179840675662,0.7533284361476027,0.8263680256378594,0.8367269578488599,0.8698082680580019,0.7756918121449925,0.7915546602603465,0.20225906716656442,73
0.19247172276178995,0.06580426404299423,0.0006885131200154623,0.00047909844019437906,relu,0.02,True,"(100, 50)",0.0034,adam,"{'activation': 'relu', 'alpha': 0.02, 'early_stopping': True, 'hidden_layer_sizes': (100, 50), 'learning_rate_init': 0.0034, 'solver': 'adam'}",0.2148182514846091,0.9294445736665601,0.6624952471411608,0.934093973812801,0.842197739565431,0.9762356683581696,0.916073645415776,0.7568399577395477,0.8270373033537131,0.8393486821509976,0.8709871031335785,0.7915783820469984,0.7967625439891117,0.19397627030899847,68
0.17674465974171957,0.04194426600128965,0.0005153616269429525,0.0003202381556562356,relu,0.02,True,"(100, 50)",0.0045000000000000005,adam,"{'activation': 'relu', 'alpha': 0.02, 'early_stopping': True, 'hidden_layer_sizes': (100, 50), 'learning_rate_init': 0.0045000000000000005, 'solver': 'adam'}",0.34046676547282284,0.9525395108226468,0.6098593301126676,0.9348447333497921,0.8800382422146025,0.9732726479089767,0.8971342571869568,0.6876364670291037,0.8604372065853224,0.854779525198393,0.8814524551670929,0.8276876668132215,0.8083457339884665,0.17332161266534432,50
0.19396346807479858,0.06274967195645398,0.0007293423016866049,0.0004086855681083038,relu,0.02,True,"(100, 50)",0.005600000000000001,adam,"{'activation': 'relu', 'alpha': 0.02, 'early_stopping': True, 'hidden_layer_sizes': (100, 50), 'learning_rate_init': 0.005600000000000001, 'solver': 'adam'}",0.11460973377569605,0.9506092667993636,0.6490697836543109,0.9358632556272949,0.8620371064789958,0.9769016005652853,0.9073575237916157,0.7300407712595058,0.8637951823402958,0.8735343550807106,0.887684393990031,0.8399287183872339,0.7992859743125283,0.22435059938935825,64
0.16633864243825278,0.03912504399925774,0.0006741086641947428,0.00043480874881435076,relu,0.02,True,"(100, 50)",0.0067,adam,"{'activation': 'relu', 'alpha': 0.02, 'early_stopping': True, 'hidden_layer_sizes': (100, 50), 'learning_rate_init': 0.0067, 'solver': 'adam'}",0.250786345925437,0.9506861450427423,0.5483866217971427,0.9370498751378675,0.856851420095705,0.972711755513339,0.904187135624223,0.7330769923321061,0.8943524142981051,0.8817780228956288,0.9220965215775052,0.7871673846863162,0.8032608862438432,0.2011143236860984,59
0.16527954737345377,0.0559797571818628,0.0007657806078592936,0.0011186312521885428,relu,0.02,True,"(100, 50)",0.0078000000000000005,adam,"{'activation': 'relu', 'alpha': 0.02, 'early_stopping': True, 'hidden_layer_sizes': (100, 50), 'learning_rate_init': 0.0078000000000000005, 'solver': 'adam'}",0.27985659910060057,0.9408575624353557,0.5362815682653426,0.9370838307069679,0.8336046996694498,0.9734721405980694,0.9014418257294634,0.7129164516047946,0.8535337675444651,0.8117559341271834,0.9111972678068442,0.7994006229867003,0.7909501892146031,0.1919660810005432,74
0.16766715049743652,0.040324657174082984,0.000724494457244873,0.00038562774908054427,relu,0.02,True,"(100, 50)",0.0089,adam,"{'activation': 'relu', 'alpha': 0.02, 'early_stopping': True, 'hidden_layer_sizes': (100, 50), 'learning_rate_init': 0.0089, 'solver': 'adam'}",0.28711739896824584,0.9296554206306076,0.7101971619165285,0.8993810451637426,0.8233896952594828,0.9828873649594745,0.855632150974923,0.7723322729324471,0.8573512492918418,0.8743846513454414,0.8385467992086215,0.7750544329528,0.800494136967013,0.1699468022143405,62
0.14925291140874228,0.04728563004012677,0.0006005366643269857,0.0005149553104099942,relu,0.02,True,"(100, 50)",0.01,adam,"{'activation': 'relu', 'alpha': 0.02, 'early_stopping': True, 'hidden_layer_sizes': (100, 50), 'learning_rate_init': 0.01, 'solver': 'adam'}",0.31514421810537585,0.9430247752645616,0.6382414092152822,0.9269587197371757,0.8079725153949195,0.9693643052380019,0.9087991706441747,0.7460843810394937,0.8432211053778571,0.8282691010941705,0.9256820723846219,0.822067503989253,0.8062357731237406,0.17315722668956826,54
0.6974499622980753,0.20815702012472787,0.0004369815190633138,0.00025627481413486415,relu,0.01,True,"(50,)",0.0001,adam,"{'activation': 'relu', 'alpha': 0.01, 'early_stopping': True, 'hidden_layer_sizes': (50,), 'learning_rate_init': 0.0001, 'solver': 'adam'}",0.5904120951945274,0.9478895196127307,0.6845441596444113,0.8817761606842527,0.7185545837394773,0.963994988989761,0.8673425206318321,0.7179925558565198,0.8805105027794472,0.7972954084392733,0.8528518326184789,0.4758703755136974,0.7815862253087008,0.14167966214245142,82
0.14998936653137207,0.08566351320045877,0.00040860970815022785,0.00021824447943671503,relu,0.01,True,"(50,)",0.0012000000000000001,adam,"{'activation': 'relu', 'alpha': 0.01, 'early_stopping': True, 'hidden_layer_sizes': (50,), 'learning_rate_init': 0.0012000000000000001, 'solver': 'adam'}",0.5582308331478147,0.9632987303835486,0.7713825657639662,0.9371414025983758,0.7775399032617132,0.9700287448815376,0.8745485669473267,0.7962907252270547,0.8680080206576681,0.859532018565103,0.8435895565535938,0.46719915322565664,0.8072325184344465,0.14717588630233128,52
0.11260825395584106,0.05062802074311898,0.0004092852274576823,0.00022459762718328203,relu,0.01,True,"(50,)",0.0023,adam,"{'activation': 'relu', 'alpha': 0.01, 'early_stopping': True, 'hidden_layer_sizes': (50,), 'learning_rate_init': 0.0023, 'solver': 'adam'}",0.5426670794977683,0.9619734830243992,0.7563943015821193,0.9372915734723993,0.7955107568220617,0.9680605870233091,0.8711610482627749,0.7860144844946347,0.8818455968020892,0.8485622917866056,0.812584847044409,0.8689900051843876,0.8359213379164131,0.11000794091962492,15
0.08633347352345784,0.04029473326761143,0.00035568078358968097,0.00017852733302561757,relu,0.01,True,"(50,)",0.0034,adam,"{'activation': 'relu', 'alpha': 0.01, 'early_stopping': True, 'hidden_layer_sizes': (50,), 'learning_rate_init': 0.0034, 'solver': 'adam'}",0.5120483281020243,0.9625985533346941,0.7406521209530246,0.9434128715501583,0.7910227833410843,0.9689928983875633,0.8715553206879287,0.7718777038561545,0.8819540269314017,0.8781924893732554,0.8034973968896053,0.8538657036177821,0.8316391830853896,0.11962647206085154,21
0.08282856146494548,0.047214898886527544,0.00048496325810750324,0.00031986947558465724,relu,0.01,True,"(50,)",0.0045000000000000005,adam,"{'activation': 'relu', 'alpha': 0.01, 'early_stopping': True, 'hidden_layer_sizes': (50,), 'learning_rate_init': 0.0045000000000000005, 'solver': 'adam'}",0.5234007620408584,0.9634769442345125,0.7638519492987559,0.940881496105182,0.7953454992952753,0.9648601379100833,0.866466871709396,0.7639612079729619,0.8520844936131867,0.886936746547202,0.7592022570546647,0.8354712804029372,0.8263283038487512,0.11625353084232722,33
0.06700025002161662,0.02880930567490423,0.00044359763463338214,0.00029270447827085816,relu,0.01,True,"(50,)",0.005600000000000001,adam,"{'activation': 'relu', 'alpha': 0.01, 'early_stopping': True, 'hidden_layer_sizes': (50,), 'learning_rate_init': 0.005600000000000001, 'solver': 'adam'}",0.5011412423823758,0.9650386012983511,0.6826013951674528,0.9227002522640743,0.7886232407890215,0.9638696146710976,0.8753253955668346,0.7720635421250347,0.8844788551888241,0.9112548768271659,0.7567705953505657,0.8192317872341637,0.8202582832387469,0.1276901570812109,38
0.06231371561686198,0.028810017654793924,0.0003604888916015625,0.00015629418374794805,relu,0.01,True,"(50,)",0.0067,adam,"{'activation': 'relu', 'alpha': 0.01, 'early_stopping': True, 'hidden_layer_sizes': (50,), 'learning_rate_init': 0.0067, 'solver': 'adam'}",0.18458953275195644,0.9615265588665293,-0.04981856478714808,0.9180243486328185,0.8215164026239896,0.964569514208784,0.8675086490032152,0.7744121161243205,0.9073486480646564,0.9059364338878384,0.7491140352376364,0.8508832192552579,0.7379675744891544,0.3103021286216774,88
0.06736824909845988,0.03130145950646044,0.00041878223419189453,0.00022948101999358951,relu,0.01,True,"(50,)",0.0078000000000000005,adam,"{'activation': 'relu', 'alpha': 0.01, 'early_stopping': True, 'hidden_layer_sizes': (50,), 'learning_rate_init': 0.0078000000000000005, 'solver': 'adam'}",0.13783994281767098,0.9657885588849828,0.6346142678969249,0.9370712607063828,0.8262669494344995,0.9696907310120016,0.8578349510597129,0.7588148394777445,0.8846225534887888,0.8873102112994126,0.754050142439503,0.8633118715021735,0.7897680233349832,0.21722804188924838,76
0.06977206468582153,0.023628081839825833,0.000537872314453125,0.00031250011352917137,relu,0.01,True,"(50,)",0.0089,adam,"{'activation': 'relu', 'alpha': 0.01, 'early_stopping': True, 'hidden_layer_sizes': (50,), 'learning_rate_init': 0.0089, 'solver': 'adam'}",0.371831684491858,0.9635278893645107,0.7627285390582335,0.9168198221295205,0.822705779999766,0.975674885835324,0.8804713800601016,0.8985130268250798,0.8607319310804407,0.8366410160078592,0.7695931734965334,0.8634165905717652,0.8268879765767494,0.15109731914171812,31
0.08605472246805827,0.03035302492476954,0.0005331834157307943,0.00032403613040148896,relu,0.01,True,"(50,)",0.01,adam,"{'activation': 'relu', 'alpha': 0.01, 'early_stopping': True, 'hidden_layer_sizes': (50,), 'learning_rate_init': 0.01, 'solver': 'adam'}",0.4598967564827702,0.9483056381257037,0.793328514020772,0.9323369906722585,0.8115184260135149,0.9726160528481178,0.8913101455147463,0.8784483223022265,0.8733580128243587,0.8452190329825173,0.8122539492222525,0.8462442290522121,0.8387363391717876,0.12627741401151626,12
1.2382655541102092,0.3451776960712737,0.0007828474044799805,0.0004270649630063791,relu,0.01,True,"(100,)",0.0001,adam,"{'activation': 'relu', 'alpha': 0.01, 'early_stopping': True, 'hidden_layer_sizes': (100,), 'learning_rate_init': 0.0001, 'solver': 'adam'}",0.5031266906636875,0.947065874252654,0.6834751789698856,0.8631907356313092,0.8278567330794457,0.9326134947417801,0.8989276142269709,0.7722190426513524,0.8790486264725916,0.7670827228535821,0.8500236711414847,0.8290403049189811,0.8128058908003104,0.1172476284625036,43
0.2925220727920532,0.07526069024314963,0.0005039374033610026,0.0002977027971879715,relu,0.01,True,"(100,)",0.0012000000000000001,adam,"{'activation': 'relu', 'alpha': 0.01, 'early_stopping': True, 'hidden_layer_sizes': (100,), 'learning_rate_init': 0.0012000000000000001, 'solver': 'adam'}",0.31122863021584635,0.9542266039735134,0.6836015372768183,0.9257769130515932,0.8603061085627114,0.9716089215289735,0.871803586373314,0.6907982425145716,0.8732507530348947,0.8189984702820317,0.866271916806793,0.8922277076186178,0.8100082826033065,0.17311881802737303,49
0.2008017897605896,0.06874850479627659,0.0006088415781656901,0.0003532072253375412,relu,0.01,True,"(100,)",0.0023,adam,"{'activation': 'relu', 'alpha': 0.01, 'early_stopping': True, 'hidden_layer_sizes': (100,), 'learning_rate_init': 0.0023, 'solver': 'adam'}",0.43690472865615304,0.9571688908500561,0.7058687833260737,0.9462530274956814,0.8681614898630665,0.9685608448726184,0.8686069879137516,0.8523895733336262,0.8860338618891344,0.8395876630173174,0.8848098083272707,0.8965579040292042,0.8425752969644962,0.13875472171276373,4
0.18046722809473673,0.050116944192493386,0.0005077918370564779,0.0003025452675882377,relu,0.01,True,"(100,)",0.0034,adam,"{'activation': 'relu', 'alpha': 0.01, 'early_stopping': True, 'hidden_layer_sizes': (100,), 'learning_rate_init': 0.0034, 'solver': 'adam'}",0.4764137964795748,0.9600837767928666,0.7244700363031684,0.955247935258938,0.8645720925455409,0.9753683379017243,0.8740248226255622,0.8629712702304538,0.8820857685754191,0.8313440247833894,0.8907096028956836,0.8581003474838362,0.8462826509896798,0.12849435985301344,2
0.1954654852549235,0.07595778770843983,0.0008481542269388834,0.0009313019805326668,relu,0.01,True,"(100,)",0.0045000000000000005,adam,"{'activation': 'relu', 'alpha': 0.01, 'early_stopping': True, 'hidden_layer_sizes': (100,), 'learning_rate_init': 0.0045000000000000005, 'solver': 'adam'}",0.3972431303330567,0.9592429925795788,0.7508804679865334,0.9599532008242617,0.8602686501504528,0.9861646714566102,0.8751821337744852,0.8559349681600814,0.884597112220539,0.8153085292425384,0.9050063696608028,0.8354311457255812,0.8404344476762101,0.1479564243659974,8
0.15322881937026978,0.042653870365220864,0.0004302859306335449,0.00020989577693922827,relu,0.01,True,"(100,)",0.005600000000000001,adam,"{'activation': 'relu', 'alpha': 0.01, 'early_stopping': True, 'hidden_layer_sizes': (100,), 'learning_rate_init': 0.005600000000000001, 'solver': 'adam'}",0.40997567197821716,0.9653868120714781,0.7504955996725731,0.9737310146184104,0.845551616280125,0.9871207232473669,0.8691312319394492,0.6834516132608234,0.8772441788422491,0.8253773090024871,0.9110855259880171,0.843229358015289,0.8284817212430405,0.15238154819386884,27
0.1316108504931132,0.04606612901333793,0.0007430712381998698,0.0004985270473699171,relu,0.01,True,"(100,)",0.0067,adam,"{'activation': 'relu', 'alpha': 0.01, 'early_stopping': True, 'hidden_layer_sizes': (100,), 'learning_rate_init': 0.0067, 'solver': 'adam'}",0.3979998733809279,0.9624903431356733,0.7503792759928257,0.9568115615421919,0.8135238015178841,0.9569397690891128,0.8669167325230329,0.7138128852259463,0.8673411059098268,0.8274745428448329,0.8789820573184285,0.8497473959392887,0.8202016120349976,0.1474459590147076,39
0.13241169850031534,0.04040982404826207,0.0006781220436096191,0.00047380551698108294,relu,0.01,True,"(100,)",0.0078000000000000005,adam,"{'activation': 'relu', 'alpha': 0.01, 'early_stopping': True, 'hidden_layer_sizes': (100,), 'learning_rate_init': 0.0078000000000000005, 'solver': 'adam'}",0.398348833686219,0.9587117526367387,0.7605199430515712,0.9650735494652638,0.7197870025106919,0.9817167885613809,0.870058369414674,0.8827553375512384,0.8763980358984981,0.8320817880011641,0.8559301873391099,0.8355365385417205,0.828076510554856,0.14953545170072363,30
0.13128453493118286,0.024539066486658333,0.0005550781885782877,0.0003389954608643162,relu,0.01,True,"(100,)",0.0089,adam,"{'activation': 'relu', 'alpha': 0.01, 'early_stopping': True, 'hidden_layer_sizes': (100,), 'learning_rate_init': 0.0089, 'solver': 'adam'}",0.4888500534260306,0.9599072511395403,0.7455108043917122,0.9707064881038808,0.6991350147102499,0.9802362506466267,0.863813675765782,0.826249472157598,0.8888551475157837,0.8152837561909134,0.8481707669111762,0.8617863914056915,0.8290420893637488,0.1310406943734446,22
0.13930171728134155,0.034016517712999586,0.0004648168881734212,0.0002351861512082663,relu,0.01,True,"(100,)",0.01,adam,"{'activation': 'relu', 'alpha': 0.01, 'early_stopping': True, 'hidden_layer_sizes': (100,), 'learning_rate_init': 0.01, 'solver': 'adam'}",0.43041630854794855,0.9581039009609992,0.7370407670855773,0.977727362952037,0.8058988352447217,0.9753833165773318,0.8667443545462441,0.7906706246129029,0.878289103733275,0.8223612276044101,0.9060793298464219,0.8553852262945956,0.8336750298338722,0.14136750077405946,16
0.9981372952461243,0.18545350292592172,0.0005374749501546224,0.00039246183781207187,relu,0.01,True,"(100, 50)",0.0001,adam,"{'activation': 'relu', 'alpha': 0.01, 'early_stopping': True, 'hidden_layer_sizes': (100, 50), 'learning_rate_init': 0.0001, 'solver': 'adam'}",0.40956146681048167,0.9196276010052243,0.6192823516102541,0.9382418474050557,0.8297975610278923,0.9764373989443417,0.862062387221659,0.683998127029473,0.8213327962139647,0.8321030777938475,0.8677346906829477,0.46927173995534066,0.7691209204750403,0.17603540558867428,87
0.24685128529866537,0.0673050659690884,0.0006888310114542643,0.0003703253011455382,relu,0.01,True,"(100, 50)",0.0012000000000000001,adam,"{'activation': 'relu', 'alpha': 0.01, 'early_stopping': True, 'hidden_layer_sizes': (100, 50), 'learning_rate_init': 0.0012000000000000001, 'solver': 'adam'}",0.2104376008223482,0.9424075661769735,0.6917142416668947,0.9201273228238991,0.8568670733595029,0.9720303522601886,0.8883762302283214,0.733196384633874,0.827265072011222,0.8042161015222818,0.8843822673823111,0.7774715830505237,0.792374316328195,0.19296216111517575,71
0.20442400376001993,0.03917468768569092,0.0005690654118855795,0.0003179338173632723,relu,0.01,True,"(100, 50)",0.0023,adam,"{'activation': 'relu', 'alpha': 0.01, 'early_stopping': True, 'hidden_layer_sizes': (100, 50), 'learning_rate_init': 0.0023, 'solver': 'adam'}",0.1752960877346026,0.9358854628641642,0.6823124371807332,0.9154628827697803,0.8476653548907764,0.977716108632416,0.9014526230320765,0.7550162110751506,0.8263566004687869,0.8363154449549906,0.855640897999424,0.7704978582572484,0.7899681641550126,0.20142102859658534,75
0.1969051162401835,0.056473822671403585,0.0005793174107869467,0.0003436652936375278,relu,0.01,True,"(100, 50)",0.0034,adam,"{'activation': 'relu', 'alpha': 0.01, 'early_stopping': True, 'hidden_layer_sizes': (100, 50), 'learning_rate_init': 0.0034, 'solver': 'adam'}",0.2197259557558916,0.9411958392625159,0.6625587016616539,0.9339348779223368,0.8422754560886192,0.9779347126856792,0.9187275854970354,0.7430512643981761,0.8220319337341333,0.8393734171507581,0.8752750521531879,0.7872583593993083,0.7969452629757746,0.1940838834148585,67
0.19171826044718424,0.05568927466965395,0.0005793968836466471,0.00035694764711811087,relu,0.01,True,"(100, 50)",0.0045000000000000005,adam,"{'activation': 'relu', 'alpha': 0.01, 'early_stopping': True, 'hidden_layer_sizes': (100, 50), 'learning_rate_init': 0.0045000000000000005, 'solver': 'adam'}",0.34032942349707274,0.9512327409700525,0.6097908419642186,0.9328429515801504,0.8681373086628132,0.9717340855869483,0.8999407525723745,0.7212436986444133,0.8605506428283081,0.8549105426767092,0.8865647653449007,0.8273934632805134,0.8103892681340396,0.1712579239545224,46
0.1923809846242269,0.059077385603601186,0.000904242197672526,0.0008485273314228954,relu,0.01,True,"(100, 50)",0.005600000000000001,adam,"{'activation': 'relu', 'alpha': 0.01, 'early_stopping': True, 'hidden_layer_sizes': (100, 50), 'learning_rate_init': 0.005600000000000001, 'solver': 'adam'}",0.11745362352115007,0.9500077211284955,0.6491594196935822,0.9320457405695041,0.8613758275809337,0.9767552779643947,0.9086677881892975,0.7389542517565386,0.8638371203978559,0.8740528699275185,0.8755302177884992,0.8383803753395769,0.7988516861547788,0.22282776827625242,65
0.19266209999720255,0.048034292384182206,0.0007776419321695963,0.00044737667506558935,relu,0.01,True,"(100, 50)",0.0067,adam,"{'activation': 'relu', 'alpha': 0.01, 'early_stopping': True, 'hidden_layer_sizes': (100, 50), 'learning_rate_init': 0.0067, 'solver': 'adam'}",0.25317513133728575,0.9539834526333637,0.5485656700617101,0.9391470696145502,0.8675567806443847,0.972982026807598,0.8952694708069786,0.7537606790352509,0.8919837334022667,0.877050191265497,0.9047216640997525,0.7877944521902254,0.8038325268249052,0.19923763018457882,58
0.16655580202738443,0.046427842698442454,0.0007270574569702148,0.0005113641633903113,relu,0.01,True,"(100, 50)",0.0078000000000000005,adam,"{'activation': 'relu', 'alpha': 0.01, 'early_stopping': True, 'hidden_layer_sizes': (100, 50), 'learning_rate_init': 0.0078000000000000005, 'solver': 'adam'}",0.2798215299454553,0.9561454262682096,0.5361965751940014,0.9368477138069439,0.8226775873888164,0.9761226913489296,0.9024970838673579,0.70843988898035,0.8631220802018946,0.8113063174700018,0.9116173446596904,0.7974421937725678,0.7918530360753516,0.193539334427223,72
0.17087507247924805,0.034492701550003245,0.00040235122044881183,5.6634530479662734e-05,relu,0.01,True,"(100, 50)",0.0089,adam,"{'activation': 'relu', 'alpha': 0.01, 'early_stopping': True, 'hidden_layer_sizes': (100, 50), 'learning_rate_init': 0.0089, 'solver': 'adam'}",0.29067852176591147,0.9547003992471372,0.7072119036032887,0.8974839777431091,0.8237223372519695,0.9818679582673939,0.8848315154434799,0.7642557136873213,0.8549752810729929,0.8720449671358851,0.8493305839481899,0.779913272273959,0.8050847026200532,0.17182975430302963,56
0.16822399695714316,0.061030156219346925,0.0007030566533406576,0.00040830206490778356,relu,0.01,True,"(100, 50)",0.01,adam,"{'activation': 'relu', 'alpha': 0.01, 'early_stopping': True, 'hidden_layer_sizes': (100, 50), 'learning_rate_init': 0.01, 'solver': 'adam'}",0.3044159395221112,0.9170286482992615,0.6452836582489034,0.9250418209710487,0.8318754290425054,0.9678838061323951,0.9112611058303784,0.7217557259137313,0.8434909441641044,0.8231443939109611,0.8819691122785492,0.8111865234925675,0.7986947589838764,0.1721977640619411,66
0.7184028426806132,0.2000928990436152,0.00046439965565999347,0.0002576107659845577,relu,0.0009,True,"(50,)",0.0001,adam,"{'activation': 'relu', 'alpha': 0.0009, 'early_stopping': True, 'hidden_layer_sizes': (50,), 'learning_rate_init': 0.0001, 'solver': 'adam'}",0.5902492570192042,0.9482889225024284,0.6847558495539812,0.8818190677579579,0.7180671320075456,0.964101302666526,0.8672831220150313,0.7177710456791824,0.8802014910074736,0.7973164894761147,0.8528578215998099,0.4757729015628762,0.781540366904011,0.1417624036357908,83
0.1541482408841451,0.08990258363070246,0.0005323290824890137,0.000307584271915306,relu,0.0009,True,"(50,)",0.0012000000000000001,adam,"{'activation': 'relu', 'alpha': 0.0009, 'early_stopping': True, 'hidden_layer_sizes': (50,), 'learning_rate_init': 0.0012000000000000001, 'solver': 'adam'}",0.5582783720808606,0.9637310843807164,0.7730594530466104,0.9371472314274824,0.7775064211915597,0.9696237903717334,0.8749793521279532,0.7962927119673996,0.8680846478161016,0.8578020537017459,0.8436034402095933,0.4672008955883926,0.8072757878258457,0.1471065553848428,51
0.10026359558105469,0.04341182835844065,0.00043733914693196613,0.0002487875754721067,relu,0.0009,True,"(50,)",0.0023,adam,"{'activation': 'relu', 'alpha': 0.0009, 'early_stopping': True, 'hidden_layer_sizes': (50,), 'learning_rate_init': 0.0023, 'solver': 'adam'}",0.5429487439748752,0.9619731120975213,0.7563844550044869,0.9374344816020282,0.7955164052375114,0.9680515415664568,0.8714339737272736,0.7860074034974185,0.8818100344003721,0.8485454938832113,0.8199145959299932,0.8690053400072438,0.8365854650773662,0.10985108787798945,14
0.09515943129857381,0.06279328964504381,0.0004869699478149414,0.0002767121694374304,relu,0.0009,True,"(50,)",0.0034,adam,"{'activation': 'relu', 'alpha': 0.0009, 'early_stopping': True, 'hidden_layer_sizes': (50,), 'learning_rate_init': 0.0034, 'solver': 'adam'}",0.5116804235109307,0.9627128618267884,0.7409609415876279,0.9434270079372238,0.7910294160702243,0.9689932116395215,0.872585520813202,0.7718626052277531,0.8819437655291938,0.8783279457293586,0.8034870227857875,0.8538680041799329,0.8317398939031287,0.11973409323756341,20
0.0746606985727946,0.03198302215954283,0.0004754066467285156,0.0002795299652303475,relu,0.0009,True,"(50,)",0.0045000000000000005,adam,"{'activation': 'relu', 'alpha': 0.0009, 'early_stopping': True, 'hidden_layer_sizes': (50,), 'learning_rate_init': 0.0045000000000000005, 'solver': 'adam'}",0.523384031888313,0.9635085745902625,0.7638246530628092,0.9408808393110504,0.7953498529479541,0.9648639867692007,0.8659975224220363,0.7642014192794083,0.8522642471161358,0.886938671280113,0.7591932798404145,0.8355006579319848,0.8263256447033068,0.11624162268174847,34
0.07642185688018799,0.02946325847506301,0.0008144577344258627,0.0012540562010444562,relu,0.0009,True,"(50,)",0.005600000000000001,adam,"{'activation': 'relu', 'alpha': 0.0009, 'early_stopping': True, 'hidden_layer_sizes': (50,), 'learning_rate_init': 0.005600000000000001, 'solver': 'adam'}",0.5011121025143161,0.9650426151711325,0.6825860857779209,0.9226986264315296,0.7886233537562288,0.9638342537159286,0.8754488703503869,0.7720348454409935,0.8844611531161999,0.9112250670189758,0.7568447954667816,0.819230226277158,0.820261832919796,0.12769431782743718,37
0.06615231434504192,0.03171773022304274,0.0004203120867411296,0.0002334057301386095,relu,0.0009,True,"(50,)",0.0067,adam,"{'activation': 'relu', 'alpha': 0.0009, 'early_stopping': True, 'hidden_layer_sizes': (50,), 'learning_rate_init': 0.0067, 'solver': 'adam'}",0.1845879734168946,0.9613054996266782,-0.04982636572006838,0.9179756825372256,0.8217272333475253,0.9644487304898554,0.8675219041979091,0.7743615241823476,0.9073282962134985,0.9059176878258193,0.7490993810336957,0.8508840007602156,0.7379442956592998,0.31028395407081044,89
0.06702641646067302,0.02743182738072871,0.0004983146985371908,0.0003056234727081403,relu,0.0009,True,"(50,)",0.0078000000000000005,adam,"{'activation': 'relu', 'alpha': 0.0009, 'early_stopping': True, 'hidden_layer_sizes': (50,), 'learning_rate_init': 0.0078000000000000005, 'solver': 'adam'}",0.13783666689380702,0.9645471522522305,0.6346111562444999,0.9370854599447067,0.8268111554038946,0.9696904697545692,0.8577794419297607,0.7588101816521661,0.8847753925649203,0.8872939030038338,0.7538532733253913,0.8633111821451234,0.789700452926242,0.21716020342729186,77
0.07163780927658081,0.022798519759118015,0.00044476985931396484,0.00025623730144616597,relu,0.0009,True,"(50,)",0.0089,adam,"{'activation': 'relu', 'alpha': 0.0009, 'early_stopping': True, 'hidden_layer_sizes': (50,), 'learning_rate_init': 0.0089, 'solver': 'adam'}",0.37180448756272033,0.9626998190756504,0.762154790350415,0.9168118095142792,0.8224342334386018,0.9756771664421086,0.8819679679005322,0.7417457901352333,0.86075292713414,0.8365096273158064,0.7694529219097648,0.863414757023882,0.8137855248169279,0.15112794998458773,42
0.08275045951207478,0.027050604577022536,0.0005092422167460123,0.00026867583262150225,relu,0.0009,True,"(50,)",0.01,adam,"{'activation': 'relu', 'alpha': 0.0009, 'early_stopping': True, 'hidden_layer_sizes': (50,), 'learning_rate_init': 0.01, 'solver': 'adam'}",0.46001090299898295,0.9483478322023007,0.7929600851697738,0.9323742201599866,0.8115316839332941,0.9726130120938831,0.8970402090384784,0.8784510516881388,0.8732889407920594,0.8493417996996555,0.8119643578083456,0.8462427012181393,0.8395138997335866,0.12649868160380348,10
1.268335998058319,0.3631827505751272,0.0006552338600158691,0.00041294122133411244,relu,0.0009,True,"(100,)",0.0001,adam,"{'activation': 'relu', 'alpha': 0.0009, 'early_stopping': True, 'hidden_layer_sizes': (100,), 'learning_rate_init': 0.0001, 'solver': 'adam'}",0.5019394585061054,0.9475491932785218,0.68266839012983,0.8632814232293826,0.8277443798309589,0.9324095644561635,0.8988167496873049,0.7725419688003081,0.8777003509213418,0.7607861940627071,0.8501134584713474,0.8288121997004154,0.8120302775895324,0.11775067962846661,45
0.3098611036936442,0.08274378427253444,0.0005005002021789551,0.00031056049584758677,relu,0.0009,True,"(100,)",0.0012000000000000001,adam,"{'activation': 'relu', 'alpha': 0.0009, 'early_stopping': True, 'hidden_layer_sizes': (100,), 'learning_rate_init': 0.0012000000000000001, 'solver': 'adam'}",0.3119894709192803,0.9547973168965384,0.6834564289517113,0.9249929595277697,0.860394317357047,0.9715683487331073,0.8738274904827014,0.6907795886340025,0.8732647383339143,0.8192982686662141,0.8664952088126985,0.8920003889658131,0.8102387105234,0.17300114480968548,47
0.22035362323125204,0.07583803643413954,0.0005562504132588705,0.00031976037378050594,relu,0.0009,True,"(100,)",0.0023,adam,"{'activation': 'relu', 'alpha': 0.0009, 'early_stopping': True, 'hidden_layer_sizes': (100,), 'learning_rate_init': 0.0023, 'solver': 'adam'}",0.43692126892755245,0.9571823505700356,0.7053036259484246,0.9462206175386157,0.8681499835636853,0.9685421611255204,0.8684414558526174,0.852516001233062,0.8855224759514942,0.8400131448056738,0.8851055642954241,0.896533245204311,0.8425376579180347,0.13878542016398598,5
0.18181705474853516,0.04669860104785731,0.0005525549252827963,0.0002952861098642869,relu,0.0009,True,"(100,)",0.0034,adam,"{'activation': 'relu', 'alpha': 0.0009, 'early_stopping': True, 'hidden_layer_sizes': (100,), 'learning_rate_init': 0.0034, 'solver': 'adam'}",0.4762095419163004,0.9600868621047673,0.7250458552373871,0.955248080560675,0.8645487840033667,0.9753645218828813,0.8738210769530466,0.8628005275037027,0.8821915693453397,0.8310973990616536,0.8907341527407483,0.8641303051069225,0.8467732230347326,0.12855476955306605,1
0.19380541642506918,0.07275642505267221,0.0007310112317403158,0.0005178982469550331,relu,0.0009,True,"(100,)",0.0045000000000000005,adam,"{'activation': 'relu', 'alpha': 0.0009, 'early_stopping': True, 'hidden_layer_sizes': (100,), 'learning_rate_init': 0.0045000000000000005, 'solver': 'adam'}",0.39751038656287274,0.959261108020235,0.7501205161686245,0.9599587867369324,0.8601240595180347,0.9862163526146863,0.8749230430098035,0.8557758241303888,0.8844540633423938,0.8153009248268185,0.9047702451472355,0.8356410495237847,0.8403380299668175,0.1479133809349452,9
0.16250350077946982,0.043265360967058165,0.0005321701367696127,0.00027867257339911144,relu,0.0009,True,"(100,)",0.005600000000000001,adam,"{'activation': 'relu', 'alpha': 0.0009, 'early_stopping': True, 'hidden_layer_sizes': (100,), 'learning_rate_init': 0.005600000000000001, 'solver': 'adam'}",0.41078857009402747,0.9653538342930597,0.7497285852251254,0.9737562680765931,0.8455468960400419,0.9871095163537538,0.8693171502082657,0.6834571044569295,0.8772359753927536,0.825420815790059,0.9109851422808819,0.8437498538791018,0.8285374760075493,0.1522301445829888,25
0.13098363081614176,0.021353510227517504,0.0006649295488993326,0.0004202657350350054,relu,0.0009,True,"(100,)",0.0067,adam,"{'activation': 'relu', 'alpha': 0.0009, 'early_stopping': True, 'hidden_layer_sizes': (100,), 'learning_rate_init': 0.0067, 'solver': 'adam'}",0.39704722273401594,0.9625034094465984,0.753871566762299,0.9568174346606515,0.8135548626307181,0.956947279328495,0.8664210006421815,0.7138650807153926,0.8673311720957263,0.8276031723224381,0.8788233163862423,0.8501621470701886,0.820412305399579,0.14752678483155618,36
0.13357083002726236,0.03132369036702469,0.0007425546646118164,0.0004205132598023657,relu,0.0009,True,"(100,)",0.0078000000000000005,adam,"{'activation': 'relu', 'alpha': 0.0009, 'early_stopping': True, 'hidden_layer_sizes': (100,), 'learning_rate_init': 0.0078000000000000005, 'solver': 'adam'}",0.3981636190485367,0.9589030978743238,0.7626109975265004,0.9650726933677602,0.7197422617584911,0.9815591209100942,0.8698706018811821,0.8829442001158713,0.8762958324808484,0.8319738171247458,0.8556150626190624,0.8393393957414155,0.828507558370736,0.14951814135109404,26
0.126612921555837,0.024823443089323254,0.0006254116694132487,0.00036818736587823414,relu,0.0009,True,"(100,)",0.0089,adam,"{'activation': 'relu', 'alpha': 0.0009, 'early_stopping': True, 'hidden_layer_sizes': (100,), 'learning_rate_init': 0.0089, 'solver': 'adam'}",0.4896597277927347,0.9599704477379495,0.7445623706056663,0.9706804690104308,0.6987744615212141,0.9802311942846629,0.8639893075054297,0.8262461523607052,0.8889311025210401,0.8148177175582552,0.8478888630193101,0.8623690182455052,0.8290100693469086,0.13096841250383318,23
0.14291868607203165,0.03694906992112353,0.0006727973620096842,0.000575623534032246,relu,0.0009,True,"(100,)",0.01,adam,"{'activation': 'relu', 'alpha': 0.0009, 'early_stopping': True, 'hidden_layer_sizes': (100,), 'learning_rate_init': 0.01, 'solver': 'adam'}",0.4283570073667574,0.9580216046913183,0.7361543948966516,0.9777274126593228,0.8072290216837644,0.97534739935538,0.8670401053001401,0.790679234570463,0.878209047799764,0.8228973180697619,0.9067221135242722,0.8552975445064834,0.8336401837020065,0.14190410036014292,17
1.0741968552271526,0.1835123731019961,0.0004995465278625488,0.0004258459967452578,relu,0.0009,True,"(100, 50)",0.0001,adam,"{'activation': 'relu', 'alpha': 0.0009, 'early_stopping': True, 'hidden_layer_sizes': (100, 50), 'learning_rate_init': 0.0001, 'solver': 'adam'}",0.4105631275775241,0.9198782306191722,0.6293582676906145,0.9375590943902065,0.8298473629092492,0.9765385717099839,0.8618584785181295,0.6765132163917859,0.8214193518148653,0.8312123729086928,0.8675739488853071,0.46964179388744764,0.7693303181085814,0.1753694656097213,85
0.25327837467193604,0.07336627916667836,0.0006933212280273438,0.0004143666777241664,relu,0.0009,True,"(100, 50)",0.0012000000000000001,adam,"{'activation': 'relu', 'alpha': 0.0009, 'early_stopping': True, 'hidden_layer_sizes': (100, 50), 'learning_rate_init': 0.0012000000000000001, 'solver': 'adam'}",0.17490788990183914,0.9418087373693169,0.7056286277126492,0.9175330876873915,0.8510388122295265,0.9721934581580818,0.887596651733135,0.7295199141358935,0.8272600314287182,0.8104407468117765,0.8806061401594226,0.7776492683281895,0.789681947137995,0.2010467373028138,79
0.21056958039601645,0.03766455353173684,0.0006454388300577799,0.0003686783115181661,relu,0.0009,True,"(100, 50)",0.0023,adam,"{'activation': 'relu', 'alpha': 0.0009, 'early_stopping': True, 'hidden_layer_sizes': (100, 50), 'learning_rate_init': 0.0023, 'solver': 'adam'}",0.17957047320390762,0.9355380230555357,0.6840573464002514,0.9158202532082099,0.8452014139640018,0.9779800977913766,0.9003908848567137,0.7460113393316016,0.8270098992101627,0.8301716729936526,0.8578958702036532,0.7767394223820596,0.7896988913834272,0.20023591676819996,78
0.20006348689397177,0.05809902544631456,0.0005174875259399414,0.0003563301396095266,relu,0.0009,True,"(100, 50)",0.0034,adam,"{'activation': 'relu', 'alpha': 0.0009, 'early_stopping': True, 'hidden_layer_sizes': (100, 50), 'learning_rate_init': 0.0034, 'solver': 'adam'}",0.22176023719550442,0.9408154405873871,0.653920085797891,0.9325456559171367,0.8440439865335767,0.9743226179336244,0.9177913805864203,0.7292345059054564,0.8367835036557792,0.8287369987034052,0.8749020037664491,0.7866722961901249,0.7951273927310628,0.19407700097154318,69
0.1880181630452474,0.03832464525412063,0.0006457765897115072,0.0003134388699453498,relu,0.0009,True,"(100, 50)",0.0045000000000000005,adam,"{'activation': 'relu', 'alpha': 0.0009, 'early_stopping': True, 'hidden_layer_sizes': (100, 50), 'learning_rate_init': 0.0045000000000000005, 'solver': 'adam'}",0.3446599443024455,0.9506565053973923,0.610273325245217,0.9346301351541467,0.8688690243695804,0.9738159974856669,0.9052027149620013,0.650119239325098,0.8621350989979917,0.8582144131853998,0.8844463065969919,0.8290249472539934,0.8060039710229937,0.17498356427014264,55
0.1886272430419922,0.0412032310412858,0.0005068182945251465,0.0002946127960653258,relu,0.0009,True,"(100, 50)",0.005600000000000001,adam,"{'activation': 'relu', 'alpha': 0.0009, 'early_stopping': True, 'hidden_layer_sizes': (100, 50), 'learning_rate_init': 0.005600000000000001, 'solver': 'adam'}",0.1314120411767522,0.9502026914597055,0.6432009258752698,0.9298156415615879,0.8601562620596803,0.9754452142026343,0.9054794977036051,0.7436423223855435,0.8600197687982474,0.8724776715348568,0.8875092121611656,0.8390954382654874,0.7998713905987115,0.21942200047292956,63
0.18087140719095865,0.04097528184921009,0.0006743470827738444,0.0003599998893421028,relu,0.0009,True,"(100, 50)",0.0067,adam,"{'activation': 'relu', 'alpha': 0.0009, 'early_stopping': True, 'hidden_layer_sizes': (100, 50), 'learning_rate_init': 0.0067, 'solver': 'adam'}",0.2767747933226481,0.9553394959665708,0.5616731946728133,0.9514792705942923,0.865871804143316,0.9734355687483901,0.9137240547098703,0.6997243767425148,0.8914518825566765,0.8697136472776925,0.9080542061227361,0.7882617065148385,0.8046253334476966,0.19575243244872242,57
0.18178172906239828,0.05954877824706043,0.0007192691167195638,0.0004818146792975652,relu,0.0009,True,"(100, 50)",0.0078000000000000005,adam,"{'activation': 'relu', 'alpha': 0.0009, 'early_stopping': True, 'hidden_layer_sizes': (100, 50), 'learning_rate_init': 0.0078000000000000005, 'solver': 'adam'}",0.22849449965813706,0.9409530419585826,0.5364266995349912,0.9375256020240623,0.8392702644708752,0.9732004531847624,0.8744629047520159,0.692797940270244,0.8548326427441832,0.8311693455210797,0.9114758791145807,0.7991252012119289,0.7849778728704536,0.20354070874638447,81
0.1674130360285441,0.03760011888556901,0.0007079243659973145,0.00040880299593152697,relu,0.0009,True,"(100, 50)",0.0089,adam,"{'activation': 'relu', 'alpha': 0.0009, 'early_stopping': True, 'hidden_layer_sizes': (100, 50), 'learning_rate_init': 0.0089, 'solver': 'adam'}",0.3121562442764084,0.9557582183759673,0.7112974031303718,0.9023558780612737,0.8235400599262904,0.9695972693171074,0.8694796099593842,0.7385253387518899,0.8509591315130027,0.8751245487012551,0.8444149351785573,0.7737170669843353,0.8022438086813204,0.16567149755370905,60
0.14860286315282187,0.04090552352635798,0.00042430559794108075,0.0002079010313560938,relu,0.0009,True,"(100, 50)",0.01,adam,"{'activation': 'relu', 'alpha': 0.0009, 'early_stopping': True, 'hidden_layer_sizes': (100, 50), 'learning_rate_init': 0.01, 'solver': 'adam'}",0.3668002356510076,0.9173408591180134,0.6381576404003713,0.9141518052919796,0.805831428387179,0.9744803838311317,0.8884858614061744,0.7188148998947486,0.8412702186314983,0.8350279248009845,0.8956672323753867,0.8212715370339903,0.8014416689018721,0.15760251116305068,61
